target,feature_set,importance_type,feature,importance,sample_rows
place,market_aware,mean_abs_shap,BaTaijyu,0.087037837022,5000
place,market_aware,mean_abs_shap,Barei,0.034970641369,5000
place,market_aware,mean_abs_shap,ChokyosiCode,0.046718905913,5000
place,market_aware,mean_abs_shap,CourseKubunCD,0.023121508986,5000
place,market_aware,mean_abs_shap,DirtBabaCD,0.0,5000
place,market_aware,mean_abs_shap,FukuVote,0.02722495301,5000
place,market_aware,mean_abs_shap,Futan,0.007811913951,5000
place,market_aware,mean_abs_shap,GradeCD,0.039035024924,5000
place,market_aware,mean_abs_shap,JyoCD,0.044713758246,5000
place,market_aware,mean_abs_shap,JyokenCD1,0.008409734694,5000
place,market_aware,mean_abs_shap,JyokenCD2,0.011317899221,5000
place,market_aware,mean_abs_shap,JyokenCD3,0.012350054149,5000
place,market_aware,mean_abs_shap,JyokenCD4,0.004735718018,5000
place,market_aware,mean_abs_shap,JyokenCD5,0.046551963654,5000
place,market_aware,mean_abs_shap,Kaiji,0.007693294786,5000
place,market_aware,mean_abs_shap,KisyuCode,0.056946108666,5000
place,market_aware,mean_abs_shap,Kyori,0.055605485423,5000
place,market_aware,mean_abs_shap,MonthDay,0.047735817755,5000
place,market_aware,mean_abs_shap,Nichiji,0.015253861202,5000
place,market_aware,mean_abs_shap,RaceNum,0.016812318832,5000
place,market_aware,mean_abs_shap,SexCD,0.023273165422,5000
place,market_aware,mean_abs_shap,SibaBabaCD,0.0,5000
place,market_aware,mean_abs_shap,SyubetuCD,0.008000754514,5000
place,market_aware,mean_abs_shap,SyussoTosu,0.073803284622,5000
place,market_aware,mean_abs_shap,TanVote,0.025379804457,5000
place,market_aware,mean_abs_shap,TenkoCD,0.021602218677,5000
place,market_aware,mean_abs_shap,TorokuTosu,0.073384504133,5000
place,market_aware,mean_abs_shap,TrackCD,0.011948835875,5000
place,market_aware,mean_abs_shap,Umaban,0.012196442995,5000
place,market_aware,mean_abs_shap,Wakuban,0.009592964826,5000
place,market_aware,mean_abs_shap,Year,0.003316884455,5000
place,market_aware,mean_abs_shap,YoubiCD,0.010837293902,5000
place,market_aware,mean_abs_shap,ZogenFugo,0.006168327185,5000
place,market_aware,mean_abs_shap,ZogenSa,0.006636481001,5000
place,market_aware,mean_abs_shap,fuku_ninki,0.018532963578,5000
place,market_aware,mean_abs_shap,fuku_odds_high,0.020945558975,5000
place,market_aware,mean_abs_shap,fuku_odds_low,0.131540393409,5000
place,market_aware,mean_abs_shap,horse_baba_past_starts,0.012497262177,5000
place,market_aware,mean_abs_shap,horse_baba_top3_rate,0.005205668551,5000
place,market_aware,mean_abs_shap,horse_baba_win_rate,0.021534706924,5000
place,market_aware,mean_abs_shap,horse_body_weight_diff_last,0.00714919855,5000
place,market_aware,mean_abs_shap,horse_days_since_last,0.049786707705,5000
place,market_aware,mean_abs_shap,horse_dist_band_past_starts,0.003646810905,5000
place,market_aware,mean_abs_shap,horse_dist_band_top3_rate,0.014566983854,5000
place,market_aware,mean_abs_shap,horse_dist_band_win_rate,0.00226000158,5000
place,market_aware,mean_abs_shap,horse_distance_diff_last,0.045826819747,5000
place,market_aware,mean_abs_shap,horse_futan_diff_last,0.009294933225,5000
place,market_aware,mean_abs_shap,horse_jockey_past_starts,0.00752704324,5000
place,market_aware,mean_abs_shap,horse_jockey_top3_rate,0.022403835386,5000
place,market_aware,mean_abs_shap,horse_jockey_win_rate,0.002579594725,5000
place,market_aware,mean_abs_shap,horse_jyo_past_starts,0.002770814951,5000
place,market_aware,mean_abs_shap,horse_jyo_top3_rate,0.020011764203,5000
place,market_aware,mean_abs_shap,horse_jyo_win_rate,0.006609666955,5000
place,market_aware,mean_abs_shap,horse_last1_avg_finish,0.188353242485,5000
place,market_aware,mean_abs_shap,horse_last3_avg_finish,0.084241502349,5000
place,market_aware,mean_abs_shap,horse_last3_avg_haron_l3,0.071534251579,5000
place,market_aware,mean_abs_shap,horse_last3_avg_ninki,0.12607215804,5000
place,market_aware,mean_abs_shap,horse_last3_avg_time,0.034551172708,5000
place,market_aware,mean_abs_shap,horse_last3_place_paid_rate,0.027233867926,5000
place,market_aware,mean_abs_shap,horse_last3_ren_rate,0.021101925172,5000
place,market_aware,mean_abs_shap,horse_last3_top3_rate,0.008872870558,5000
place,market_aware,mean_abs_shap,horse_last3_win_rate,0.054757840346,5000
place,market_aware,mean_abs_shap,horse_last5_avg_finish,0.027066765132,5000
place,market_aware,mean_abs_shap,horse_last5_avg_haron_l3,0.038308975622,5000
place,market_aware,mean_abs_shap,horse_last5_avg_ninki,0.054692712365,5000
place,market_aware,mean_abs_shap,horse_last5_avg_time,0.024537665675,5000
place,market_aware,mean_abs_shap,horse_last5_place_paid_rate,0.005779620145,5000
place,market_aware,mean_abs_shap,horse_last5_ren_rate,0.00610200171,5000
place,market_aware,mean_abs_shap,horse_last5_top3_rate,0.011075534696,5000
place,market_aware,mean_abs_shap,horse_last5_win_rate,0.014263178622,5000
place,market_aware,mean_abs_shap,horse_past_starts,0.014695645755,5000
place,market_aware,mean_abs_shap,horse_surface_past_starts,0.022793584112,5000
place,market_aware,mean_abs_shap,horse_surface_top3_rate,0.08777700314,5000
place,market_aware,mean_abs_shap,horse_surface_win_rate,0.040741161898,5000
place,market_aware,mean_abs_shap,jockey_dist_band_past_starts,0.006679281527,5000
place,market_aware,mean_abs_shap,jockey_dist_band_top3_rate,0.041551164457,5000
place,market_aware,mean_abs_shap,jockey_dist_band_win_rate,0.006914395854,5000
place,market_aware,mean_abs_shap,jockey_jyo_past_starts,0.012941103181,5000
place,market_aware,mean_abs_shap,jockey_jyo_top3_rate,0.039763922957,5000
place,market_aware,mean_abs_shap,jockey_jyo_win_rate,0.006909022483,5000
place,market_aware,mean_abs_shap,jockey_past_starts,0.020931424008,5000
place,market_aware,mean_abs_shap,jockey_ren_rate,0.019951849291,5000
place,market_aware,mean_abs_shap,jockey_top3_rate,0.025233636762,5000
place,market_aware,mean_abs_shap,jockey_win_rate,0.008948025092,5000
place,market_aware,mean_abs_shap,place_bet_available_by_rule,0.0,5000
place,market_aware,mean_abs_shap,place_odds_available,0.013953730359,5000
place,market_aware,mean_abs_shap,place_rank_limit,0.000613613027,5000
place,market_aware,mean_abs_shap,place_votes_available,0.021753641377,5000
place,market_aware,mean_abs_shap,tan_ninki,0.046580484899,5000
place,market_aware,mean_abs_shap,tan_odds,0.175513476638,5000
place,market_aware,mean_abs_shap,trainer_past_starts,0.023656222813,5000
place,market_aware,mean_abs_shap,trainer_ren_rate,0.014158582574,5000
place,market_aware,mean_abs_shap,trainer_top3_rate,0.015062607024,5000
place,market_aware,mean_abs_shap,trainer_win_rate,0.016884544479,5000
place,market_aware,mean_abs_shap,win_odds_available,0.025915244769,5000
place,market_aware,mean_abs_shap,win_votes_available,0.02422195731,5000
place,market_free,mean_abs_shap,BaTaijyu,0.120717288172,5000
place,market_free,mean_abs_shap,Barei,0.052266478421,5000
place,market_free,mean_abs_shap,ChokyosiCode,0.061699762996,5000
place,market_free,mean_abs_shap,CourseKubunCD,0.022029144127,5000
place,market_free,mean_abs_shap,DirtBabaCD,0.0,5000
place,market_free,mean_abs_shap,Futan,0.007927057707,5000
place,market_free,mean_abs_shap,GradeCD,0.044864856193,5000
place,market_free,mean_abs_shap,JyoCD,0.055458436586,5000
place,market_free,mean_abs_shap,JyokenCD1,0.002666930811,5000
place,market_free,mean_abs_shap,JyokenCD2,0.017304010272,5000
place,market_free,mean_abs_shap,JyokenCD3,0.014092205359,5000
place,market_free,mean_abs_shap,JyokenCD4,0.009544294665,5000
place,market_free,mean_abs_shap,JyokenCD5,0.059225594456,5000
place,market_free,mean_abs_shap,Kaiji,0.008752453735,5000
place,market_free,mean_abs_shap,KisyuCode,0.071353895609,5000
place,market_free,mean_abs_shap,Kyori,0.074588866176,5000
place,market_free,mean_abs_shap,MonthDay,0.047866938243,5000
place,market_free,mean_abs_shap,Nichiji,0.015082607141,5000
place,market_free,mean_abs_shap,RaceNum,0.019328866026,5000
place,market_free,mean_abs_shap,SexCD,0.022449117287,5000
place,market_free,mean_abs_shap,SibaBabaCD,0.0,5000
place,market_free,mean_abs_shap,SyubetuCD,0.011608433532,5000
place,market_free,mean_abs_shap,SyussoTosu,0.089432774955,5000
place,market_free,mean_abs_shap,TenkoCD,0.027519508339,5000
place,market_free,mean_abs_shap,TorokuTosu,0.095005141304,5000
place,market_free,mean_abs_shap,TrackCD,0.014621913801,5000
place,market_free,mean_abs_shap,Umaban,0.011365144916,5000
place,market_free,mean_abs_shap,Wakuban,0.009474412379,5000
place,market_free,mean_abs_shap,Year,0.008113306753,5000
place,market_free,mean_abs_shap,YoubiCD,0.008304104824,5000
place,market_free,mean_abs_shap,ZogenFugo,0.003380037693,5000
place,market_free,mean_abs_shap,ZogenSa,0.009138088693,5000
place,market_free,mean_abs_shap,horse_baba_past_starts,0.018973742545,5000
place,market_free,mean_abs_shap,horse_baba_top3_rate,0.007274350636,5000
place,market_free,mean_abs_shap,horse_baba_win_rate,0.033594753563,5000
place,market_free,mean_abs_shap,horse_body_weight_diff_last,0.00777769367,5000
place,market_free,mean_abs_shap,horse_days_since_last,0.066689844471,5000
place,market_free,mean_abs_shap,horse_dist_band_past_starts,0.00274079947,5000
place,market_free,mean_abs_shap,horse_dist_band_top3_rate,0.024367771838,5000
place,market_free,mean_abs_shap,horse_dist_band_win_rate,0.003275073088,5000
place,market_free,mean_abs_shap,horse_distance_diff_last,0.051235416989,5000
place,market_free,mean_abs_shap,horse_futan_diff_last,0.015423845069,5000
place,market_free,mean_abs_shap,horse_jockey_past_starts,0.00799469984,5000
place,market_free,mean_abs_shap,horse_jockey_top3_rate,0.024435537139,5000
place,market_free,mean_abs_shap,horse_jockey_win_rate,0.002255138148,5000
place,market_free,mean_abs_shap,horse_jyo_past_starts,0.00222770583,5000
place,market_free,mean_abs_shap,horse_jyo_top3_rate,0.030866289248,5000
place,market_free,mean_abs_shap,horse_jyo_win_rate,0.007839719352,5000
place,market_free,mean_abs_shap,horse_last1_avg_finish,0.205100669406,5000
place,market_free,mean_abs_shap,horse_last3_avg_finish,0.162247766112,5000
place,market_free,mean_abs_shap,horse_last3_avg_haron_l3,0.048635665298,5000
place,market_free,mean_abs_shap,horse_last3_avg_time,0.03566152888,5000
place,market_free,mean_abs_shap,horse_last3_place_paid_rate,0.015625531116,5000
place,market_free,mean_abs_shap,horse_last3_ren_rate,0.021981904836,5000
place,market_free,mean_abs_shap,horse_last3_top3_rate,0.008123299479,5000
place,market_free,mean_abs_shap,horse_last3_win_rate,0.06609383979,5000
place,market_free,mean_abs_shap,horse_last5_avg_finish,0.131769862514,5000
place,market_free,mean_abs_shap,horse_last5_avg_haron_l3,0.077057393674,5000
place,market_free,mean_abs_shap,horse_last5_avg_time,0.022601242124,5000
place,market_free,mean_abs_shap,horse_last5_place_paid_rate,0.003901296274,5000
place,market_free,mean_abs_shap,horse_last5_ren_rate,0.043843356755,5000
place,market_free,mean_abs_shap,horse_last5_top3_rate,0.015327166488,5000
place,market_free,mean_abs_shap,horse_last5_win_rate,0.040811852054,5000
place,market_free,mean_abs_shap,horse_past_starts,0.022746650397,5000
place,market_free,mean_abs_shap,horse_surface_past_starts,0.021797721413,5000
place,market_free,mean_abs_shap,horse_surface_top3_rate,0.144823992703,5000
place,market_free,mean_abs_shap,horse_surface_win_rate,0.031997974902,5000
place,market_free,mean_abs_shap,jockey_dist_band_past_starts,0.005377112665,5000
place,market_free,mean_abs_shap,jockey_dist_band_top3_rate,0.04815160237,5000
place,market_free,mean_abs_shap,jockey_dist_band_win_rate,0.00272202909,5000
place,market_free,mean_abs_shap,jockey_jyo_past_starts,0.007670516686,5000
place,market_free,mean_abs_shap,jockey_jyo_top3_rate,0.047502652174,5000
place,market_free,mean_abs_shap,jockey_jyo_win_rate,0.015916092639,5000
place,market_free,mean_abs_shap,jockey_past_starts,0.016719660902,5000
place,market_free,mean_abs_shap,jockey_ren_rate,0.053419184544,5000
place,market_free,mean_abs_shap,jockey_top3_rate,0.025938366529,5000
place,market_free,mean_abs_shap,jockey_win_rate,0.012940323877,5000
place,market_free,mean_abs_shap,place_bet_available_by_rule,0.0,5000
place,market_free,mean_abs_shap,place_rank_limit,0.000478885754,5000
place,market_free,mean_abs_shap,trainer_past_starts,0.025412838714,5000
place,market_free,mean_abs_shap,trainer_ren_rate,0.025560046546,5000
place,market_free,mean_abs_shap,trainer_top3_rate,0.026063598791,5000
place,market_free,mean_abs_shap,trainer_win_rate,0.026287875535,5000
place,market_history,mean_abs_shap,BaTaijyu,0.111440986162,5000
place,market_history,mean_abs_shap,Barei,0.044383721027,5000
place,market_history,mean_abs_shap,ChokyosiCode,0.058540537824,5000
place,market_history,mean_abs_shap,CourseKubunCD,0.030131723699,5000
place,market_history,mean_abs_shap,DirtBabaCD,0.0,5000
place,market_history,mean_abs_shap,Futan,0.010827247539,5000
place,market_history,mean_abs_shap,GradeCD,0.047161260518,5000
place,market_history,mean_abs_shap,JyoCD,0.058381990009,5000
place,market_history,mean_abs_shap,JyokenCD1,0.005136656558,5000
place,market_history,mean_abs_shap,JyokenCD2,0.014498789051,5000
place,market_history,mean_abs_shap,JyokenCD3,0.013013782571,5000
place,market_history,mean_abs_shap,JyokenCD4,0.011081630128,5000
place,market_history,mean_abs_shap,JyokenCD5,0.0530301819,5000
place,market_history,mean_abs_shap,Kaiji,0.011918218652,5000
place,market_history,mean_abs_shap,KisyuCode,0.078597810456,5000
place,market_history,mean_abs_shap,Kyori,0.071064779684,5000
place,market_history,mean_abs_shap,MonthDay,0.065386639801,5000
place,market_history,mean_abs_shap,Nichiji,0.019103764424,5000
place,market_history,mean_abs_shap,RaceNum,0.017692730175,5000
place,market_history,mean_abs_shap,SexCD,0.02344306828,5000
place,market_history,mean_abs_shap,SibaBabaCD,0.0,5000
place,market_history,mean_abs_shap,SyubetuCD,0.013175861399,5000
place,market_history,mean_abs_shap,SyussoTosu,0.10583446879,5000
place,market_history,mean_abs_shap,TenkoCD,0.030599378462,5000
place,market_history,mean_abs_shap,TorokuTosu,0.082289229563,5000
place,market_history,mean_abs_shap,TrackCD,0.017416512267,5000
place,market_history,mean_abs_shap,Umaban,0.013704231094,5000
place,market_history,mean_abs_shap,Wakuban,0.013274001797,5000
place,market_history,mean_abs_shap,Year,0.006300281755,5000
place,market_history,mean_abs_shap,YoubiCD,0.012861250755,5000
place,market_history,mean_abs_shap,ZogenFugo,0.007382682247,5000
place,market_history,mean_abs_shap,ZogenSa,0.01099366557,5000
place,market_history,mean_abs_shap,horse_baba_past_starts,0.009409480685,5000
place,market_history,mean_abs_shap,horse_baba_top3_rate,0.006510833442,5000
place,market_history,mean_abs_shap,horse_baba_win_rate,0.037465407097,5000
place,market_history,mean_abs_shap,horse_body_weight_diff_last,0.008647380625,5000
place,market_history,mean_abs_shap,horse_days_since_last,0.066530378943,5000
place,market_history,mean_abs_shap,horse_dist_band_past_starts,0.003643330476,5000
place,market_history,mean_abs_shap,horse_dist_band_top3_rate,0.016271274401,5000
place,market_history,mean_abs_shap,horse_dist_band_win_rate,0.003543499415,5000
place,market_history,mean_abs_shap,horse_distance_diff_last,0.062262003518,5000
place,market_history,mean_abs_shap,horse_futan_diff_last,0.014150063804,5000
place,market_history,mean_abs_shap,horse_jockey_past_starts,0.006167437063,5000
place,market_history,mean_abs_shap,horse_jockey_top3_rate,0.028909071317,5000
place,market_history,mean_abs_shap,horse_jockey_win_rate,0.003173083736,5000
place,market_history,mean_abs_shap,horse_jyo_past_starts,0.003831106011,5000
place,market_history,mean_abs_shap,horse_jyo_top3_rate,0.030235935483,5000
place,market_history,mean_abs_shap,horse_jyo_win_rate,0.010011856529,5000
place,market_history,mean_abs_shap,horse_last1_avg_finish,0.259511696021,5000
place,market_history,mean_abs_shap,horse_last3_avg_finish,0.105992097135,5000
place,market_history,mean_abs_shap,horse_last3_avg_haron_l3,0.08215416716,5000
place,market_history,mean_abs_shap,horse_last3_avg_ninki,0.147096406982,5000
place,market_history,mean_abs_shap,horse_last3_avg_time,0.048019565681,5000
place,market_history,mean_abs_shap,horse_last3_place_paid_rate,0.023440106518,5000
place,market_history,mean_abs_shap,horse_last3_ren_rate,0.030541972805,5000
place,market_history,mean_abs_shap,horse_last3_top3_rate,0.016593167177,5000
place,market_history,mean_abs_shap,horse_last3_win_rate,0.06464594527,5000
place,market_history,mean_abs_shap,horse_last5_avg_finish,0.032848194088,5000
place,market_history,mean_abs_shap,horse_last5_avg_haron_l3,0.064355406519,5000
place,market_history,mean_abs_shap,horse_last5_avg_ninki,0.095247439374,5000
place,market_history,mean_abs_shap,horse_last5_avg_time,0.027834713829,5000
place,market_history,mean_abs_shap,horse_last5_place_paid_rate,0.005350134823,5000
place,market_history,mean_abs_shap,horse_last5_ren_rate,0.018050092966,5000
place,market_history,mean_abs_shap,horse_last5_top3_rate,0.008962821101,5000
place,market_history,mean_abs_shap,horse_last5_win_rate,0.031613565044,5000
place,market_history,mean_abs_shap,horse_past_starts,0.024787657429,5000
place,market_history,mean_abs_shap,horse_surface_past_starts,0.023791020193,5000
place,market_history,mean_abs_shap,horse_surface_top3_rate,0.120336946523,5000
place,market_history,mean_abs_shap,horse_surface_win_rate,0.035808536914,5000
place,market_history,mean_abs_shap,jockey_dist_band_past_starts,0.010487854715,5000
place,market_history,mean_abs_shap,jockey_dist_band_top3_rate,0.047296007953,5000
place,market_history,mean_abs_shap,jockey_dist_band_win_rate,0.006673507732,5000
place,market_history,mean_abs_shap,jockey_jyo_past_starts,0.013693462055,5000
place,market_history,mean_abs_shap,jockey_jyo_top3_rate,0.05145790075,5000
place,market_history,mean_abs_shap,jockey_jyo_win_rate,0.016109251144,5000
place,market_history,mean_abs_shap,jockey_past_starts,0.020850012837,5000
place,market_history,mean_abs_shap,jockey_ren_rate,0.026480676214,5000
place,market_history,mean_abs_shap,jockey_top3_rate,0.019081216728,5000
place,market_history,mean_abs_shap,jockey_win_rate,0.014364750882,5000
place,market_history,mean_abs_shap,place_bet_available_by_rule,0.0,5000
place,market_history,mean_abs_shap,place_rank_limit,0.000875164795,5000
place,market_history,mean_abs_shap,trainer_past_starts,0.034825166629,5000
place,market_history,mean_abs_shap,trainer_ren_rate,0.009614697771,5000
place,market_history,mean_abs_shap,trainer_top3_rate,0.022702319232,5000
place,market_history,mean_abs_shap,trainer_win_rate,0.025290401478,5000
win,market_aware,mean_abs_shap,BaTaijyu,0.112400403532,5000
win,market_aware,mean_abs_shap,Barei,0.045336656029,5000
win,market_aware,mean_abs_shap,ChokyosiCode,0.035153730929,5000
win,market_aware,mean_abs_shap,CourseKubunCD,0.031264490666,5000
win,market_aware,mean_abs_shap,DirtBabaCD,0.0,5000
win,market_aware,mean_abs_shap,FukuVote,0.020224979567,5000
win,market_aware,mean_abs_shap,Futan,0.015615448195,5000
win,market_aware,mean_abs_shap,GradeCD,0.035953638827,5000
win,market_aware,mean_abs_shap,JyoCD,0.042172035681,5000
win,market_aware,mean_abs_shap,JyokenCD1,0.005915045323,5000
win,market_aware,mean_abs_shap,JyokenCD2,0.022901529623,5000
win,market_aware,mean_abs_shap,JyokenCD3,0.016392930433,5000
win,market_aware,mean_abs_shap,JyokenCD4,0.007522036749,5000
win,market_aware,mean_abs_shap,JyokenCD5,0.025282421343,5000
win,market_aware,mean_abs_shap,Kaiji,0.004118575455,5000
win,market_aware,mean_abs_shap,KisyuCode,0.039952864386,5000
win,market_aware,mean_abs_shap,Kyori,0.044358383659,5000
win,market_aware,mean_abs_shap,MonthDay,0.035133592319,5000
win,market_aware,mean_abs_shap,Nichiji,0.00827899957,5000
win,market_aware,mean_abs_shap,RaceNum,0.008039648371,5000
win,market_aware,mean_abs_shap,SexCD,0.014854085161,5000
win,market_aware,mean_abs_shap,SibaBabaCD,0.0,5000
win,market_aware,mean_abs_shap,SyubetuCD,0.013437682268,5000
win,market_aware,mean_abs_shap,SyussoTosu,0.050059194887,5000
win,market_aware,mean_abs_shap,TanVote,0.038579930715,5000
win,market_aware,mean_abs_shap,TenkoCD,0.020459814199,5000
win,market_aware,mean_abs_shap,TorokuTosu,0.050479653551,5000
win,market_aware,mean_abs_shap,TrackCD,0.013616477588,5000
win,market_aware,mean_abs_shap,Umaban,0.010527815473,5000
win,market_aware,mean_abs_shap,Wakuban,0.010516918842,5000
win,market_aware,mean_abs_shap,Year,0.007460074985,5000
win,market_aware,mean_abs_shap,YoubiCD,0.017068525658,5000
win,market_aware,mean_abs_shap,ZogenFugo,0.006801582425,5000
win,market_aware,mean_abs_shap,ZogenSa,0.003767911524,5000
win,market_aware,mean_abs_shap,fuku_ninki,0.045199946689,5000
win,market_aware,mean_abs_shap,fuku_odds_high,0.062654894634,5000
win,market_aware,mean_abs_shap,fuku_odds_low,0.044051792351,5000
win,market_aware,mean_abs_shap,horse_baba_past_starts,0.007916359432,5000
win,market_aware,mean_abs_shap,horse_baba_top3_rate,0.019636841372,5000
win,market_aware,mean_abs_shap,horse_baba_win_rate,0.039898371405,5000
win,market_aware,mean_abs_shap,horse_body_weight_diff_last,0.007946079312,5000
win,market_aware,mean_abs_shap,horse_days_since_last,0.0573111736,5000
win,market_aware,mean_abs_shap,horse_dist_band_past_starts,0.006008122648,5000
win,market_aware,mean_abs_shap,horse_dist_band_top3_rate,0.006101728771,5000
win,market_aware,mean_abs_shap,horse_dist_band_win_rate,0.004578341267,5000
win,market_aware,mean_abs_shap,horse_distance_diff_last,0.038617874047,5000
win,market_aware,mean_abs_shap,horse_futan_diff_last,0.011098853162,5000
win,market_aware,mean_abs_shap,horse_jockey_past_starts,0.004326736415,5000
win,market_aware,mean_abs_shap,horse_jockey_top3_rate,0.016958770866,5000
win,market_aware,mean_abs_shap,horse_jockey_win_rate,0.003444908527,5000
win,market_aware,mean_abs_shap,horse_jyo_past_starts,0.005047028115,5000
win,market_aware,mean_abs_shap,horse_jyo_top3_rate,0.019177181382,5000
win,market_aware,mean_abs_shap,horse_jyo_win_rate,0.007947673255,5000
win,market_aware,mean_abs_shap,horse_last1_avg_finish,0.186362350754,5000
win,market_aware,mean_abs_shap,horse_last3_avg_finish,0.067350619792,5000
win,market_aware,mean_abs_shap,horse_last3_avg_haron_l3,0.059426515737,5000
win,market_aware,mean_abs_shap,horse_last3_avg_ninki,0.109890544354,5000
win,market_aware,mean_abs_shap,horse_last3_avg_time,0.034510211218,5000
win,market_aware,mean_abs_shap,horse_last3_place_paid_rate,0.015539381441,5000
win,market_aware,mean_abs_shap,horse_last3_ren_rate,0.045036509587,5000
win,market_aware,mean_abs_shap,horse_last3_top3_rate,0.022553127334,5000
win,market_aware,mean_abs_shap,horse_last3_win_rate,0.045209925832,5000
win,market_aware,mean_abs_shap,horse_last5_avg_finish,0.021588199746,5000
win,market_aware,mean_abs_shap,horse_last5_avg_haron_l3,0.070861585407,5000
win,market_aware,mean_abs_shap,horse_last5_avg_ninki,0.087831851122,5000
win,market_aware,mean_abs_shap,horse_last5_avg_time,0.017013143094,5000
win,market_aware,mean_abs_shap,horse_last5_place_paid_rate,0.020868712514,5000
win,market_aware,mean_abs_shap,horse_last5_ren_rate,0.010664516715,5000
win,market_aware,mean_abs_shap,horse_last5_top3_rate,0.012225612974,5000
win,market_aware,mean_abs_shap,horse_last5_win_rate,0.013257439418,5000
win,market_aware,mean_abs_shap,horse_past_starts,0.012356046856,5000
win,market_aware,mean_abs_shap,horse_surface_past_starts,0.024961468233,5000
win,market_aware,mean_abs_shap,horse_surface_top3_rate,0.0690763628,5000
win,market_aware,mean_abs_shap,horse_surface_win_rate,0.029222024518,5000
win,market_aware,mean_abs_shap,jockey_dist_band_past_starts,0.010027228317,5000
win,market_aware,mean_abs_shap,jockey_dist_band_top3_rate,0.028461387352,5000
win,market_aware,mean_abs_shap,jockey_dist_band_win_rate,0.010857691013,5000
win,market_aware,mean_abs_shap,jockey_jyo_past_starts,0.013760980376,5000
win,market_aware,mean_abs_shap,jockey_jyo_top3_rate,0.03018608341,5000
win,market_aware,mean_abs_shap,jockey_jyo_win_rate,0.027613683091,5000
win,market_aware,mean_abs_shap,jockey_past_starts,0.023998002352,5000
win,market_aware,mean_abs_shap,jockey_ren_rate,0.039626281156,5000
win,market_aware,mean_abs_shap,jockey_top3_rate,0.021671770382,5000
win,market_aware,mean_abs_shap,jockey_win_rate,0.024482089928,5000
win,market_aware,mean_abs_shap,place_bet_available_by_rule,0.0,5000
win,market_aware,mean_abs_shap,place_odds_available,0.04520897377,5000
win,market_aware,mean_abs_shap,place_rank_limit,0.000838668727,5000
win,market_aware,mean_abs_shap,place_votes_available,0.041385732421,5000
win,market_aware,mean_abs_shap,tan_ninki,0.041283983335,5000
win,market_aware,mean_abs_shap,tan_odds,0.255978651175,5000
win,market_aware,mean_abs_shap,trainer_past_starts,0.028759211493,5000
win,market_aware,mean_abs_shap,trainer_ren_rate,0.023296898041,5000
win,market_aware,mean_abs_shap,trainer_top3_rate,0.028299991159,5000
win,market_aware,mean_abs_shap,trainer_win_rate,0.0278439899,5000
win,market_aware,mean_abs_shap,win_odds_available,0.011228814626,5000
win,market_aware,mean_abs_shap,win_votes_available,0.052008780756,5000
win,market_free,mean_abs_shap,BaTaijyu,0.146518040659,5000
win,market_free,mean_abs_shap,Barei,0.067497509457,5000
win,market_free,mean_abs_shap,ChokyosiCode,0.038251135888,5000
win,market_free,mean_abs_shap,CourseKubunCD,0.02602024743,5000
win,market_free,mean_abs_shap,DirtBabaCD,0.0,5000
win,market_free,mean_abs_shap,Futan,0.0113498206,5000
win,market_free,mean_abs_shap,GradeCD,0.039838039829,5000
win,market_free,mean_abs_shap,JyoCD,0.051280172576,5000
win,market_free,mean_abs_shap,JyokenCD1,0.004819533465,5000
win,market_free,mean_abs_shap,JyokenCD2,0.013601287552,5000
win,market_free,mean_abs_shap,JyokenCD3,0.012734739537,5000
win,market_free,mean_abs_shap,JyokenCD4,0.020828246361,5000
win,market_free,mean_abs_shap,JyokenCD5,0.035741492934,5000
win,market_free,mean_abs_shap,Kaiji,0.009134752187,5000
win,market_free,mean_abs_shap,KisyuCode,0.053239806972,5000
win,market_free,mean_abs_shap,Kyori,0.067855099269,5000
win,market_free,mean_abs_shap,MonthDay,0.022354291393,5000
win,market_free,mean_abs_shap,Nichiji,0.00983147045,5000
win,market_free,mean_abs_shap,RaceNum,0.020513163224,5000
win,market_free,mean_abs_shap,SexCD,0.018347172059,5000
win,market_free,mean_abs_shap,SibaBabaCD,0.0,5000
win,market_free,mean_abs_shap,SyubetuCD,0.011414819213,5000
win,market_free,mean_abs_shap,SyussoTosu,0.081264588938,5000
win,market_free,mean_abs_shap,TenkoCD,0.02933932709,5000
win,market_free,mean_abs_shap,TorokuTosu,0.048366620389,5000
win,market_free,mean_abs_shap,TrackCD,0.010402663994,5000
win,market_free,mean_abs_shap,Umaban,0.005986849934,5000
win,market_free,mean_abs_shap,Wakuban,0.010952317472,5000
win,market_free,mean_abs_shap,Year,0.007399675338,5000
win,market_free,mean_abs_shap,YoubiCD,0.01026411097,5000
win,market_free,mean_abs_shap,ZogenFugo,0.005723266187,5000
win,market_free,mean_abs_shap,ZogenSa,0.003562637079,5000
win,market_free,mean_abs_shap,horse_baba_past_starts,0.015045842862,5000
win,market_free,mean_abs_shap,horse_baba_top3_rate,0.021667622305,5000
win,market_free,mean_abs_shap,horse_baba_win_rate,0.049535154928,5000
win,market_free,mean_abs_shap,horse_body_weight_diff_last,0.005450240071,5000
win,market_free,mean_abs_shap,horse_days_since_last,0.060422030456,5000
win,market_free,mean_abs_shap,horse_dist_band_past_starts,0.0054731322,5000
win,market_free,mean_abs_shap,horse_dist_band_top3_rate,0.01150918914,5000
win,market_free,mean_abs_shap,horse_dist_band_win_rate,0.00450703439,5000
win,market_free,mean_abs_shap,horse_distance_diff_last,0.044661646433,5000
win,market_free,mean_abs_shap,horse_futan_diff_last,0.013841019739,5000
win,market_free,mean_abs_shap,horse_jockey_past_starts,0.003261798008,5000
win,market_free,mean_abs_shap,horse_jockey_top3_rate,0.026633100093,5000
win,market_free,mean_abs_shap,horse_jockey_win_rate,0.002801953097,5000
win,market_free,mean_abs_shap,horse_jyo_past_starts,0.004812055508,5000
win,market_free,mean_abs_shap,horse_jyo_top3_rate,0.022036777471,5000
win,market_free,mean_abs_shap,horse_jyo_win_rate,0.015105214335,5000
win,market_free,mean_abs_shap,horse_last1_avg_finish,0.220522813859,5000
win,market_free,mean_abs_shap,horse_last3_avg_finish,0.114857376827,5000
win,market_free,mean_abs_shap,horse_last3_avg_haron_l3,0.053068869533,5000
win,market_free,mean_abs_shap,horse_last3_avg_time,0.022799972242,5000
win,market_free,mean_abs_shap,horse_last3_place_paid_rate,0.016269696058,5000
win,market_free,mean_abs_shap,horse_last3_ren_rate,0.035517867162,5000
win,market_free,mean_abs_shap,horse_last3_top3_rate,0.031728920641,5000
win,market_free,mean_abs_shap,horse_last3_win_rate,0.055655636647,5000
win,market_free,mean_abs_shap,horse_last5_avg_finish,0.123093374108,5000
win,market_free,mean_abs_shap,horse_last5_avg_haron_l3,0.085509397774,5000
win,market_free,mean_abs_shap,horse_last5_avg_time,0.015384239505,5000
win,market_free,mean_abs_shap,horse_last5_place_paid_rate,0.028848731189,5000
win,market_free,mean_abs_shap,horse_last5_ren_rate,0.023550784073,5000
win,market_free,mean_abs_shap,horse_last5_top3_rate,0.014902160619,5000
win,market_free,mean_abs_shap,horse_last5_win_rate,0.01730393643,5000
win,market_free,mean_abs_shap,horse_past_starts,0.022769400624,5000
win,market_free,mean_abs_shap,horse_surface_past_starts,0.023192412871,5000
win,market_free,mean_abs_shap,horse_surface_top3_rate,0.105914050256,5000
win,market_free,mean_abs_shap,horse_surface_win_rate,0.027707612454,5000
win,market_free,mean_abs_shap,jockey_dist_band_past_starts,0.00796894254,5000
win,market_free,mean_abs_shap,jockey_dist_band_top3_rate,0.039289888765,5000
win,market_free,mean_abs_shap,jockey_dist_band_win_rate,0.019174696582,5000
win,market_free,mean_abs_shap,jockey_jyo_past_starts,0.009377433821,5000
win,market_free,mean_abs_shap,jockey_jyo_top3_rate,0.04502366066,5000
win,market_free,mean_abs_shap,jockey_jyo_win_rate,0.03719093722,5000
win,market_free,mean_abs_shap,jockey_past_starts,0.018167007835,5000
win,market_free,mean_abs_shap,jockey_ren_rate,0.055581130235,5000
win,market_free,mean_abs_shap,jockey_top3_rate,0.024767665196,5000
win,market_free,mean_abs_shap,jockey_win_rate,0.012568289187,5000
win,market_free,mean_abs_shap,place_bet_available_by_rule,5.90928e-7,5000
win,market_free,mean_abs_shap,place_rank_limit,0.001310619842,5000
win,market_free,mean_abs_shap,trainer_past_starts,0.026439335738,5000
win,market_free,mean_abs_shap,trainer_ren_rate,0.036812654707,5000
win,market_free,mean_abs_shap,trainer_top3_rate,0.03222839635,5000
win,market_free,mean_abs_shap,trainer_win_rate,0.048056741937,5000
win,market_history,mean_abs_shap,BaTaijyu,0.133972807531,5000
win,market_history,mean_abs_shap,Barei,0.061080181416,5000
win,market_history,mean_abs_shap,ChokyosiCode,0.038418995092,5000
win,market_history,mean_abs_shap,CourseKubunCD,0.036924098597,5000
win,market_history,mean_abs_shap,DirtBabaCD,0.0,5000
win,market_history,mean_abs_shap,Futan,0.015517969206,5000
win,market_history,mean_abs_shap,GradeCD,0.045984872253,5000
win,market_history,mean_abs_shap,JyoCD,0.053648574043,5000
win,market_history,mean_abs_shap,JyokenCD1,0.004142957288,5000
win,market_history,mean_abs_shap,JyokenCD2,0.014692299688,5000
win,market_history,mean_abs_shap,JyokenCD3,0.019647387219,5000
win,market_history,mean_abs_shap,JyokenCD4,0.016281753313,5000
win,market_history,mean_abs_shap,JyokenCD5,0.031440057949,5000
win,market_history,mean_abs_shap,Kaiji,0.009337524024,5000
win,market_history,mean_abs_shap,KisyuCode,0.056546479736,5000
win,market_history,mean_abs_shap,Kyori,0.0627319758,5000
win,market_history,mean_abs_shap,MonthDay,0.03130273331,5000
win,market_history,mean_abs_shap,Nichiji,0.010845943167,5000
win,market_history,mean_abs_shap,RaceNum,0.020004728633,5000
win,market_history,mean_abs_shap,SexCD,0.020912742597,5000
win,market_history,mean_abs_shap,SibaBabaCD,0.0,5000
win,market_history,mean_abs_shap,SyubetuCD,0.013603024438,5000
win,market_history,mean_abs_shap,SyussoTosu,0.07727800371,5000
win,market_history,mean_abs_shap,TenkoCD,0.019989510085,5000
win,market_history,mean_abs_shap,TorokuTosu,0.059610374148,5000
win,market_history,mean_abs_shap,TrackCD,0.00995953504,5000
win,market_history,mean_abs_shap,Umaban,0.00888027697,5000
win,market_history,mean_abs_shap,Wakuban,0.01122283382,5000
win,market_history,mean_abs_shap,Year,0.00649915597,5000
win,market_history,mean_abs_shap,YoubiCD,0.015042045782,5000
win,market_history,mean_abs_shap,ZogenFugo,0.008052883183,5000
win,market_history,mean_abs_shap,ZogenSa,0.005290249528,5000
win,market_history,mean_abs_shap,horse_baba_past_starts,0.014290800191,5000
win,market_history,mean_abs_shap,horse_baba_top3_rate,0.012356615368,5000
win,market_history,mean_abs_shap,horse_baba_win_rate,0.040060937769,5000
win,market_history,mean_abs_shap,horse_body_weight_diff_last,0.007644726426,5000
win,market_history,mean_abs_shap,horse_days_since_last,0.076169644785,5000
win,market_history,mean_abs_shap,horse_dist_band_past_starts,0.007737452283,5000
win,market_history,mean_abs_shap,horse_dist_band_top3_rate,0.010768046681,5000
win,market_history,mean_abs_shap,horse_dist_band_win_rate,0.006470580575,5000
win,market_history,mean_abs_shap,horse_distance_diff_last,0.050230502439,5000
win,market_history,mean_abs_shap,horse_futan_diff_last,0.012980423487,5000
win,market_history,mean_abs_shap,horse_jockey_past_starts,0.003527848814,5000
win,market_history,mean_abs_shap,horse_jockey_top3_rate,0.03745714881,5000
win,market_history,mean_abs_shap,horse_jockey_win_rate,0.0024371197,5000
win,market_history,mean_abs_shap,horse_jyo_past_starts,0.004919865864,5000
win,market_history,mean_abs_shap,horse_jyo_top3_rate,0.019530789449,5000
win,market_history,mean_abs_shap,horse_jyo_win_rate,0.012995650983,5000
win,market_history,mean_abs_shap,horse_last1_avg_finish,0.239396728712,5000
win,market_history,mean_abs_shap,horse_last3_avg_finish,0.083646694742,5000
win,market_history,mean_abs_shap,horse_last3_avg_haron_l3,0.080944360151,5000
win,market_history,mean_abs_shap,horse_last3_avg_ninki,0.158964969322,5000
win,market_history,mean_abs_shap,horse_last3_avg_time,0.041921329762,5000
win,market_history,mean_abs_shap,horse_last3_place_paid_rate,0.013835479815,5000
win,market_history,mean_abs_shap,horse_last3_ren_rate,0.039462170309,5000
win,market_history,mean_abs_shap,horse_last3_top3_rate,0.041930876199,5000
win,market_history,mean_abs_shap,horse_last3_win_rate,0.059730149389,5000
win,market_history,mean_abs_shap,horse_last5_avg_finish,0.040096434937,5000
win,market_history,mean_abs_shap,horse_last5_avg_haron_l3,0.070787680473,5000
win,market_history,mean_abs_shap,horse_last5_avg_ninki,0.107894802584,5000
win,market_history,mean_abs_shap,horse_last5_avg_time,0.017556147598,5000
win,market_history,mean_abs_shap,horse_last5_place_paid_rate,0.011901015235,5000
win,market_history,mean_abs_shap,horse_last5_ren_rate,0.014978576642,5000
win,market_history,mean_abs_shap,horse_last5_top3_rate,0.006834674744,5000
win,market_history,mean_abs_shap,horse_last5_win_rate,0.012583468066,5000
win,market_history,mean_abs_shap,horse_past_starts,0.016089778452,5000
win,market_history,mean_abs_shap,horse_surface_past_starts,0.021554196729,5000
win,market_history,mean_abs_shap,horse_surface_top3_rate,0.080737936757,5000
win,market_history,mean_abs_shap,horse_surface_win_rate,0.034534910543,5000
win,market_history,mean_abs_shap,jockey_dist_band_past_starts,0.010987047742,5000
win,market_history,mean_abs_shap,jockey_dist_band_top3_rate,0.037024573477,5000
win,market_history,mean_abs_shap,jockey_dist_band_win_rate,0.014275916856,5000
win,market_history,mean_abs_shap,jockey_jyo_past_starts,0.015203309156,5000
win,market_history,mean_abs_shap,jockey_jyo_top3_rate,0.04945944972,5000
win,market_history,mean_abs_shap,jockey_jyo_win_rate,0.031574766542,5000
win,market_history,mean_abs_shap,jockey_past_starts,0.023779784687,5000
win,market_history,mean_abs_shap,jockey_ren_rate,0.033114434141,5000
win,market_history,mean_abs_shap,jockey_top3_rate,0.011006288142,5000
win,market_history,mean_abs_shap,jockey_win_rate,0.025085434066,5000
win,market_history,mean_abs_shap,place_bet_available_by_rule,2.01687e-7,5000
win,market_history,mean_abs_shap,place_rank_limit,0.001614993964,5000
win,market_history,mean_abs_shap,trainer_past_starts,0.033902036099,5000
win,market_history,mean_abs_shap,trainer_ren_rate,0.026069599805,5000
win,market_history,mean_abs_shap,trainer_top3_rate,0.032328433767,5000
win,market_history,mean_abs_shap,trainer_win_rate,0.044311766444,5000
