table_name,row_no,column_name,value
NL_SE,1,Year,2016
NL_SE,1,MonthDay,105
NL_SE,1,JyoCD,06
NL_SE,1,Kaiji,1
NL_SE,1,Nichiji,1
NL_SE,1,RaceNum,1
NL_SE,1,Wakuban,1
NL_SE,1,Umaban,1
NL_SE,1,KettoNum,2013105621
NL_SE,1,Bamei,プロジェクション
NL_SE,1,SexCD,2
NL_SE,1,Barei,3
NL_SE,1,ChokyosiCode,00353
NL_SE,1,ChokyosiRyakusyo,和田正道
NL_SE,1,KisyuCode,01131
NL_SE,1,KisyuRyakusyo,西村太一
NL_SE,1,Futan,54.0
NL_SE,1,BaTaijyu,47.2
NL_SE,1,ZogenFugo,-
NL_SE,1,ZogenSa,0.2
NL_SE,1,IJyoCD,0
NL_SE,1,NyusenJyuni,16
NL_SE,1,KakuteiJyuni,16
NL_SE,1,Odds,190.5
NL_SE,1,Ninki,14
NL_SE,1,Time,116.1
NL_SE,1,HaronTimeL3,41.4
NL_SE,2,Year,2016
NL_SE,2,MonthDay,105
NL_SE,2,JyoCD,06
NL_SE,2,Kaiji,1
NL_SE,2,Nichiji,1
NL_SE,2,RaceNum,1
NL_SE,2,Wakuban,1
NL_SE,2,Umaban,2
NL_SE,2,KettoNum,2013104555
NL_SE,2,Bamei,トウショウシェル
NL_SE,2,SexCD,1
NL_SE,2,Barei,3
NL_SE,2,ChokyosiCode,00390
NL_SE,2,ChokyosiRyakusyo,池上昌弘
NL_SE,2,KisyuCode,05519
NL_SE,2,KisyuRyakusyo,コントレ
NL_SE,2,Futan,56.0
NL_SE,2,BaTaijyu,47.6
NL_SE,2,ZogenFugo,+
NL_SE,2,ZogenSa,1.2
NL_SE,2,IJyoCD,0
NL_SE,2,NyusenJyuni,10
NL_SE,2,KakuteiJyuni,10
NL_SE,2,Odds,84.2
NL_SE,2,Ninki,11
NL_SE,2,Time,114.5
NL_SE,2,HaronTimeL3,39.4
NL_SE,3,Year,2016
NL_SE,3,MonthDay,105
NL_SE,3,JyoCD,06
NL_SE,3,Kaiji,1
NL_SE,3,Nichiji,1
NL_SE,3,RaceNum,1
NL_SE,3,Wakuban,2
NL_SE,3,Umaban,3
NL_SE,3,KettoNum,2013104573
NL_SE,3,Bamei,トウショウアパッチ
NL_SE,3,SexCD,1
NL_SE,3,Barei,3
NL_SE,3,ChokyosiCode,01115
NL_SE,3,ChokyosiRyakusyo,菊沢隆徳
NL_SE,3,KisyuCode,01029
NL_SE,3,KisyuRyakusyo,武士沢友
NL_SE,3,Futan,56.0
NL_SE,3,BaTaijyu,47.2
NL_SE,3,ZogenFugo,
NL_SE,3,ZogenSa,0.0
NL_SE,3,IJyoCD,0
NL_SE,3,NyusenJyuni,14
NL_SE,3,KakuteiJyuni,14
NL_SE,3,Odds,14.7
NL_SE,3,Ninki,6
NL_SE,3,Time,115.8
NL_SE,3,HaronTimeL3,40.4
NL_SE,4,Year,2016
NL_SE,4,MonthDay,105
NL_SE,4,JyoCD,06
NL_SE,4,Kaiji,1
NL_SE,4,Nichiji,1
NL_SE,4,RaceNum,1
NL_SE,4,Wakuban,2
NL_SE,4,Umaban,4
NL_SE,4,KettoNum,2013102283
NL_SE,4,Bamei,レオベローナ
NL_SE,4,SexCD,2
NL_SE,4,Barei,3
NL_SE,4,ChokyosiCode,01024
NL_SE,4,ChokyosiRyakusyo,萱野浩二
NL_SE,4,KisyuCode,00726
NL_SE,4,KisyuRyakusyo,岩部純二
NL_SE,4,Futan,54.0
NL_SE,4,BaTaijyu,43.4
NL_SE,4,ZogenFugo,-
NL_SE,4,ZogenSa,0.2
NL_SE,4,IJyoCD,0
NL_SE,4,NyusenJyuni,8
NL_SE,4,KakuteiJyuni,8
NL_SE,4,Odds,292.7
NL_SE,4,Ninki,16
NL_SE,4,Time,114.4
NL_SE,4,HaronTimeL3,37.7
NL_SE,5,Year,2016
NL_SE,5,MonthDay,105
NL_SE,5,JyoCD,06
NL_SE,5,Kaiji,1
NL_SE,5,Nichiji,1
NL_SE,5,RaceNum,1
NL_SE,5,Wakuban,3
NL_SE,5,Umaban,5
NL_SE,5,KettoNum,2013100107
NL_SE,5,Bamei,ブライトピスケス
NL_SE,5,SexCD,1
NL_SE,5,Barei,3
NL_SE,5,ChokyosiCode,00415
NL_SE,5,ChokyosiRyakusyo,菅原泰夫
NL_SE,5,KisyuCode,00684
NL_SE,5,KisyuRyakusyo,田中勝春
NL_SE,5,Futan,56.0
NL_SE,5,BaTaijyu,48.2
NL_SE,5,ZogenFugo,-
NL_SE,5,ZogenSa,0.2
NL_SE,5,IJyoCD,0
NL_SE,5,NyusenJyuni,5
NL_SE,5,KakuteiJyuni,5
NL_SE,5,Odds,5.4
NL_SE,5,Ninki,3
NL_SE,5,Time,113.7
NL_SE,5,HaronTimeL3,38.6
NL_SE,6,Year,2016
NL_SE,6,MonthDay,105
NL_SE,6,JyoCD,06
NL_SE,6,Kaiji,1
NL_SE,6,Nichiji,1
NL_SE,6,RaceNum,1
NL_SE,6,Wakuban,3
NL_SE,6,Umaban,6
NL_SE,6,KettoNum,2013100103
NL_SE,6,Bamei,ワンダフルブルー
NL_SE,6,SexCD,2
NL_SE,6,Barei,3
NL_SE,6,ChokyosiCode,01076
NL_SE,6,ChokyosiRyakusyo,小笠倫弘
NL_SE,6,KisyuCode,01129
NL_SE,6,KisyuRyakusyo,菅原隆一
NL_SE,6,Futan,54.0
NL_SE,6,BaTaijyu,46.6
NL_SE,6,ZogenFugo,+
NL_SE,6,ZogenSa,1.0
NL_SE,6,IJyoCD,0
NL_SE,6,NyusenJyuni,12
NL_SE,6,KakuteiJyuni,12
NL_SE,6,Odds,115.0
NL_SE,6,Ninki,13
NL_SE,6,Time,114.8
NL_SE,6,HaronTimeL3,39.7
NL_SE,7,Year,2016
NL_SE,7,MonthDay,105
NL_SE,7,JyoCD,06
NL_SE,7,Kaiji,1
NL_SE,7,Nichiji,1
NL_SE,7,RaceNum,1
NL_SE,7,Wakuban,4
NL_SE,7,Umaban,7
NL_SE,7,KettoNum,2013103101
NL_SE,7,Bamei,マイティジャック
NL_SE,7,SexCD,1
NL_SE,7,Barei,3
NL_SE,7,ChokyosiCode,01143
NL_SE,7,ChokyosiRyakusyo,和田雄二
NL_SE,7,KisyuCode,01009
NL_SE,7,KisyuRyakusyo,柴田大知
NL_SE,7,Futan,56.0
NL_SE,7,BaTaijyu,45.0
NL_SE,7,ZogenFugo,+
NL_SE,7,ZogenSa,0.4
NL_SE,7,IJyoCD,0
NL_SE,7,NyusenJyuni,6
NL_SE,7,KakuteiJyuni,6
NL_SE,7,Odds,14.9
NL_SE,7,Ninki,7
NL_SE,7,Time,113.9
NL_SE,7,HaronTimeL3,39.6
NL_SE,8,Year,2016
NL_SE,8,MonthDay,105
NL_SE,8,JyoCD,06
NL_SE,8,Kaiji,1
NL_SE,8,Nichiji,1
NL_SE,8,RaceNum,1
NL_SE,8,Wakuban,4
NL_SE,8,Umaban,8
NL_SE,8,KettoNum,2013104668
NL_SE,8,Bamei,モンマルトル
NL_SE,8,SexCD,2
NL_SE,8,Barei,3
NL_SE,8,ChokyosiCode,01051
NL_SE,8,ChokyosiRyakusyo,岩戸孝樹
NL_SE,8,KisyuCode,01051
NL_SE,8,KisyuRyakusyo,嘉藤貴行
NL_SE,8,Futan,54.0
NL_SE,8,BaTaijyu,45.0
NL_SE,8,ZogenFugo,+
NL_SE,8,ZogenSa,0.4
NL_SE,8,IJyoCD,0
NL_SE,8,NyusenJyuni,15
NL_SE,8,KakuteiJyuni,15
NL_SE,8,Odds,23.4
NL_SE,8,Ninki,8
NL_SE,8,Time,116.0
NL_SE,8,HaronTimeL3,40.6
NL_SE,9,Year,2016
NL_SE,9,MonthDay,105
NL_SE,9,JyoCD,06
NL_SE,9,Kaiji,1
NL_SE,9,Nichiji,1
NL_SE,9,RaceNum,1
NL_SE,9,Wakuban,5
NL_SE,9,Umaban,9
NL_SE,9,KettoNum,2013103416
NL_SE,9,Bamei,ビバラビダ
NL_SE,9,SexCD,2
NL_SE,9,Barei,3
NL_SE,9,ChokyosiCode,01043
NL_SE,9,ChokyosiRyakusyo,石栗龍彦
NL_SE,9,KisyuCode,01127
NL_SE,9,KisyuRyakusyo,丸山元気
NL_SE,9,Futan,54.0
NL_SE,9,BaTaijyu,46.6
NL_SE,9,ZogenFugo,+
NL_SE,9,ZogenSa,2.0
NL_SE,9,IJyoCD,0
NL_SE,9,NyusenJyuni,4
NL_SE,9,KakuteiJyuni,4
NL_SE,9,Odds,65.6
NL_SE,9,Ninki,10
NL_SE,9,Time,113.3
NL_SE,9,HaronTimeL3,38.9
NL_SE,10,Year,2016
NL_SE,10,MonthDay,105
NL_SE,10,JyoCD,06
NL_SE,10,Kaiji,1
NL_SE,10,Nichiji,1
NL_SE,10,RaceNum,1
NL_SE,10,Wakuban,5
NL_SE,10,Umaban,10
NL_SE,10,KettoNum,2013106151
NL_SE,10,Bamei,カリアティード
NL_SE,10,SexCD,2
NL_SE,10,Barei,3
NL_SE,10,ChokyosiCode,01147
NL_SE,10,ChokyosiRyakusyo,武井亮
NL_SE,10,KisyuCode,01150
NL_SE,10,KisyuRyakusyo,石川裕紀
NL_SE,10,Futan,53.0
NL_SE,10,BaTaijyu,43.8
NL_SE,10,ZogenFugo,-
NL_SE,10,ZogenSa,0.2
NL_SE,10,IJyoCD,0
NL_SE,10,NyusenJyuni,9
NL_SE,10,KakuteiJyuni,9
NL_SE,10,Odds,6.9
NL_SE,10,Ninki,4
NL_SE,10,Time,114.5
NL_SE,10,HaronTimeL3,39.7
NL_SE,11,Year,2016
NL_SE,11,MonthDay,105
NL_SE,11,JyoCD,06
NL_SE,11,Kaiji,1
NL_SE,11,Nichiji,1
NL_SE,11,RaceNum,1
NL_SE,11,Wakuban,6
NL_SE,11,Umaban,11
NL_SE,11,KettoNum,2013102845
NL_SE,11,Bamei,タイトルリーフ
NL_SE,11,SexCD,2
NL_SE,11,Barei,3
NL_SE,11,ChokyosiCode,01089
NL_SE,11,ChokyosiRyakusyo,武市康男
NL_SE,11,KisyuCode,01122
NL_SE,11,KisyuRyakusyo,三浦皇成
NL_SE,11,Futan,54.0
NL_SE,11,BaTaijyu,44.8
NL_SE,11,ZogenFugo,+
NL_SE,11,ZogenSa,0.4
NL_SE,11,IJyoCD,0
NL_SE,11,NyusenJyuni,2
NL_SE,11,KakuteiJyuni,2
NL_SE,11,Odds,7.9
NL_SE,11,Ninki,5
NL_SE,11,Time,113.2
NL_SE,11,HaronTimeL3,38.4
NL_SE,12,Year,2016
NL_SE,12,MonthDay,105
NL_SE,12,JyoCD,06
NL_SE,12,Kaiji,1
NL_SE,12,Nichiji,1
NL_SE,12,RaceNum,1
NL_SE,12,Wakuban,6
NL_SE,12,Umaban,12
NL_SE,12,KettoNum,2013100513
NL_SE,12,Bamei,シゲルヒラマサ
NL_SE,12,SexCD,1
NL_SE,12,Barei,3
NL_SE,12,ChokyosiCode,01094
NL_SE,12,ChokyosiRyakusyo,水野貴広
NL_SE,12,KisyuCode,00689
NL_SE,12,KisyuRyakusyo,江田照男
NL_SE,12,Futan,56.0
NL_SE,12,BaTaijyu,46.8
NL_SE,12,ZogenFugo,
NL_SE,12,ZogenSa,0.0
NL_SE,12,IJyoCD,0
NL_SE,12,NyusenJyuni,1
NL_SE,12,KakuteiJyuni,1
NL_SE,12,Odds,3.5
NL_SE,12,Ninki,1
NL_SE,12,Time,113.2
NL_SE,12,HaronTimeL3,38.6
NL_SE,13,Year,2016
NL_SE,13,MonthDay,105
NL_SE,13,JyoCD,06
NL_SE,13,Kaiji,1
NL_SE,13,Nichiji,1
NL_SE,13,RaceNum,1
NL_SE,13,Wakuban,7
NL_SE,13,Umaban,13
NL_SE,13,KettoNum,2013102932
NL_SE,13,Bamei,ノボホウセイ
NL_SE,13,SexCD,2
NL_SE,13,Barei,3
NL_SE,13,ChokyosiCode,01103
NL_SE,13,ChokyosiRyakusyo,尾関知人
NL_SE,13,KisyuCode,00733
NL_SE,13,KisyuRyakusyo,吉田豊
NL_SE,13,Futan,54.0
NL_SE,13,BaTaijyu,50.6
NL_SE,13,ZogenFugo,+
NL_SE,13,ZogenSa,0.8
NL_SE,13,IJyoCD,0
NL_SE,13,NyusenJyuni,3
NL_SE,13,KakuteiJyuni,3
NL_SE,13,Odds,3.8
NL_SE,13,Ninki,2
NL_SE,13,Time,113.3
NL_SE,13,HaronTimeL3,38.5
NL_SE,14,Year,2016
NL_SE,14,MonthDay,105
NL_SE,14,JyoCD,06
NL_SE,14,Kaiji,1
NL_SE,14,Nichiji,1
NL_SE,14,RaceNum,1
NL_SE,14,Wakuban,7
NL_SE,14,Umaban,14
NL_SE,14,KettoNum,2013102277
NL_SE,14,Bamei,アキツシマ
NL_SE,14,SexCD,1
NL_SE,14,Barei,3
NL_SE,14,ChokyosiCode,00420
NL_SE,14,ChokyosiRyakusyo,宗像義忠
NL_SE,14,KisyuCode,01117
NL_SE,14,KisyuRyakusyo,丸田恭介
NL_SE,14,Futan,56.0
NL_SE,14,BaTaijyu,42.0
NL_SE,14,ZogenFugo,-
NL_SE,14,ZogenSa,0.2
NL_SE,14,IJyoCD,0
NL_SE,14,NyusenJyuni,7
NL_SE,14,KakuteiJyuni,7
NL_SE,14,Odds,227.7
NL_SE,14,Ninki,15
NL_SE,14,Time,114.3
NL_SE,14,HaronTimeL3,38.3
NL_SE,15,Year,2016
NL_SE,15,MonthDay,105
NL_SE,15,JyoCD,06
NL_SE,15,Kaiji,1
NL_SE,15,Nichiji,1
NL_SE,15,RaceNum,1
NL_SE,15,Wakuban,8
NL_SE,15,Umaban,15
NL_SE,15,KettoNum,2013104382
NL_SE,15,Bamei,グットトキメク
NL_SE,15,SexCD,2
NL_SE,15,Barei,3
NL_SE,15,ChokyosiCode,01096
NL_SE,15,ChokyosiRyakusyo,粕谷昌央
NL_SE,15,KisyuCode,00641
NL_SE,15,KisyuRyakusyo,柴田善臣
NL_SE,15,Futan,54.0
NL_SE,15,BaTaijyu,43.8
NL_SE,15,ZogenFugo,-
NL_SE,15,ZogenSa,0.4
NL_SE,15,IJyoCD,0
NL_SE,15,NyusenJyuni,11
NL_SE,15,KakuteiJyuni,11
NL_SE,15,Odds,112.0
NL_SE,15,Ninki,12
NL_SE,15,Time,114.7
NL_SE,15,HaronTimeL3,39.6
NL_SE,16,Year,2016
NL_SE,16,MonthDay,105
NL_SE,16,JyoCD,06
NL_SE,16,Kaiji,1
NL_SE,16,Nichiji,1
NL_SE,16,RaceNum,1
NL_SE,16,Wakuban,8
NL_SE,16,Umaban,16
NL_SE,16,KettoNum,2013103702
NL_SE,16,Bamei,リリーウェントス
NL_SE,16,SexCD,2
NL_SE,16,Barei,3
NL_SE,16,ChokyosiCode,01088
NL_SE,16,ChokyosiRyakusyo,高木登
NL_SE,16,KisyuCode,01096
NL_SE,16,KisyuRyakusyo,大野拓弥
NL_SE,16,Futan,54.0
NL_SE,16,BaTaijyu,43.2
NL_SE,16,ZogenFugo,+
NL_SE,16,ZogenSa,0.6
NL_SE,16,IJyoCD,0
NL_SE,16,NyusenJyuni,13
NL_SE,16,KakuteiJyuni,13
NL_SE,16,Odds,52.1
NL_SE,16,Ninki,9
NL_SE,16,Time,115.7
NL_SE,16,HaronTimeL3,40.7
NL_SE,17,Year,2016
NL_SE,17,MonthDay,105
NL_SE,17,JyoCD,06
NL_SE,17,Kaiji,1
NL_SE,17,Nichiji,1
NL_SE,17,RaceNum,2
NL_SE,17,Wakuban,1
NL_SE,17,Umaban,1
NL_SE,17,KettoNum,2013100549
NL_SE,17,Bamei,サンマルトゥーレ
NL_SE,17,SexCD,1
NL_SE,17,Barei,3
NL_SE,17,ChokyosiCode,01035
NL_SE,17,ChokyosiRyakusyo,佐藤吉勝
NL_SE,17,KisyuCode,01029
NL_SE,17,KisyuRyakusyo,武士沢友
NL_SE,17,Futan,56.0
NL_SE,17,BaTaijyu,46.0
NL_SE,17,ZogenFugo,+
NL_SE,17,ZogenSa,0.6
NL_SE,17,IJyoCD,0
NL_SE,17,NyusenJyuni,15
NL_SE,17,KakuteiJyuni,15
NL_SE,17,Odds,182.5
NL_SE,17,Ninki,12
NL_SE,17,Time,159.3
NL_SE,17,HaronTimeL3,40.3
NL_SE,18,Year,2016
NL_SE,18,MonthDay,105
NL_SE,18,JyoCD,06
NL_SE,18,Kaiji,1
NL_SE,18,Nichiji,1
NL_SE,18,RaceNum,2
NL_SE,18,Wakuban,1
NL_SE,18,Umaban,2
NL_SE,18,KettoNum,2013101182
NL_SE,18,Bamei,ダイメイキング
NL_SE,18,SexCD,1
NL_SE,18,Barei,3
NL_SE,18,ChokyosiCode,00428
NL_SE,18,ChokyosiRyakusyo,石毛善彦
NL_SE,18,KisyuCode,01119
NL_SE,18,KisyuRyakusyo,伊藤工真
NL_SE,18,Futan,56.0
NL_SE,18,BaTaijyu,48.0
NL_SE,18,ZogenFugo,+
NL_SE,18,ZogenSa,0.2
NL_SE,18,IJyoCD,0
NL_SE,18,NyusenJyuni,10
NL_SE,18,KakuteiJyuni,10
NL_SE,18,Odds,313.1
NL_SE,18,Ninki,14
NL_SE,18,Time,158.0
NL_SE,18,HaronTimeL3,39.8
NL_SE,19,Year,2016
NL_SE,19,MonthDay,105
NL_SE,19,JyoCD,06
NL_SE,19,Kaiji,1
NL_SE,19,Nichiji,1
NL_SE,19,RaceNum,2
NL_SE,19,Wakuban,2
NL_SE,19,Umaban,3
NL_SE,19,KettoNum,2013102919
NL_SE,19,Bamei,ニシノタイタン
NL_SE,19,SexCD,1
NL_SE,19,Barei,3
NL_SE,19,ChokyosiCode,01005
NL_SE,19,ChokyosiRyakusyo,小桧山悟
NL_SE,19,KisyuCode,01096
NL_SE,19,KisyuRyakusyo,大野拓弥
NL_SE,19,Futan,56.0
NL_SE,19,BaTaijyu,54.6
NL_SE,19,ZogenFugo,
NL_SE,19,ZogenSa,0.0
NL_SE,19,IJyoCD,0
NL_SE,19,NyusenJyuni,8
NL_SE,19,KakuteiJyuni,8
NL_SE,19,Odds,8.8
NL_SE,19,Ninki,4
NL_SE,19,Time,158.0
NL_SE,19,HaronTimeL3,40.4
NL_SE,20,Year,2016
NL_SE,20,MonthDay,105
NL_SE,20,JyoCD,06
NL_SE,20,Kaiji,1
NL_SE,20,Nichiji,1
NL_SE,20,RaceNum,2
NL_SE,20,Wakuban,2
NL_SE,20,Umaban,4
NL_SE,20,KettoNum,2013109101
NL_SE,20,Bamei,ノーブルポセイドン
NL_SE,20,SexCD,1
NL_SE,20,Barei,3
NL_SE,20,ChokyosiCode,01026
NL_SE,20,ChokyosiRyakusyo,鈴木伸尋
NL_SE,20,KisyuCode,01158
NL_SE,20,KisyuRyakusyo,野中悠太
NL_SE,20,Futan,53.0
NL_SE,20,BaTaijyu,50.2
NL_SE,20,ZogenFugo,+
NL_SE,20,ZogenSa,0.2
NL_SE,20,IJyoCD,0
NL_SE,20,NyusenJyuni,14
NL_SE,20,KakuteiJyuni,14
NL_SE,20,Odds,252.2
NL_SE,20,Ninki,13
NL_SE,20,Time,158.7
NL_SE,20,HaronTimeL3,40.5
NL_RA,1,Year,2016
NL_RA,1,MonthDay,105
NL_RA,1,JyoCD,06
NL_RA,1,Kaiji,1
NL_RA,1,Nichiji,1
NL_RA,1,RaceNum,1
NL_RA,1,YoubiCD,5
NL_RA,1,GradeCD,
NL_RA,1,SyubetuCD,12
NL_RA,1,JyokenCD1,000
NL_RA,1,JyokenCD2,703
NL_RA,1,JyokenCD3,000
NL_RA,1,JyokenCD4,000
NL_RA,1,JyokenCD5,703
NL_RA,1,JyokenName,
NL_RA,1,Kyori,1200
NL_RA,1,TrackCD,24
NL_RA,1,CourseKubunCD,
NL_RA,1,HassoTime,0000
NL_RA,1,TorokuTosu,0
NL_RA,1,SyussoTosu,0
NL_RA,1,TenkoCD,0
NL_RA,1,SibaBabaCD,0
NL_RA,1,DirtBabaCD,0
NL_RA,2,Year,2016
NL_RA,2,MonthDay,105
NL_RA,2,JyoCD,06
NL_RA,2,Kaiji,1
NL_RA,2,Nichiji,1
NL_RA,2,RaceNum,2
NL_RA,2,YoubiCD,5
NL_RA,2,GradeCD,
NL_RA,2,SyubetuCD,12
NL_RA,2,JyokenCD1,000
NL_RA,2,JyokenCD2,703
NL_RA,2,JyokenCD3,000
NL_RA,2,JyokenCD4,000
NL_RA,2,JyokenCD5,703
NL_RA,2,JyokenName,
NL_RA,2,Kyori,1800
NL_RA,2,TrackCD,24
NL_RA,2,CourseKubunCD,
NL_RA,2,HassoTime,0000
NL_RA,2,TorokuTosu,0
NL_RA,2,SyussoTosu,0
NL_RA,2,TenkoCD,0
NL_RA,2,SibaBabaCD,0
NL_RA,2,DirtBabaCD,0
NL_RA,3,Year,2016
NL_RA,3,MonthDay,105
NL_RA,3,JyoCD,06
NL_RA,3,Kaiji,1
NL_RA,3,Nichiji,1
NL_RA,3,RaceNum,3
NL_RA,3,YoubiCD,5
NL_RA,3,GradeCD,
NL_RA,3,SyubetuCD,14
NL_RA,3,JyokenCD1,000
NL_RA,3,JyokenCD2,000
NL_RA,3,JyokenCD3,005
NL_RA,3,JyokenCD4,005
NL_RA,3,JyokenCD5,005
NL_RA,3,JyokenName,
NL_RA,3,Kyori,1200
NL_RA,3,TrackCD,24
NL_RA,3,CourseKubunCD,
NL_RA,3,HassoTime,0000
NL_RA,3,TorokuTosu,0
NL_RA,3,SyussoTosu,0
NL_RA,3,TenkoCD,0
NL_RA,3,SibaBabaCD,0
NL_RA,3,DirtBabaCD,0
NL_RA,4,Year,2016
NL_RA,4,MonthDay,105
NL_RA,4,JyoCD,06
NL_RA,4,Kaiji,1
NL_RA,4,Nichiji,1
NL_RA,4,RaceNum,4
NL_RA,4,YoubiCD,5
NL_RA,4,GradeCD,
NL_RA,4,SyubetuCD,14
NL_RA,4,JyokenCD1,000
NL_RA,4,JyokenCD2,000
NL_RA,4,JyokenCD3,005
NL_RA,4,JyokenCD4,005
NL_RA,4,JyokenCD5,005
NL_RA,4,JyokenName,
NL_RA,4,Kyori,1800
NL_RA,4,TrackCD,24
NL_RA,4,CourseKubunCD,
NL_RA,4,HassoTime,0000
NL_RA,4,TorokuTosu,0
NL_RA,4,SyussoTosu,0
NL_RA,4,TenkoCD,0
NL_RA,4,SibaBabaCD,0
NL_RA,4,DirtBabaCD,0
NL_RA,5,Year,2016
NL_RA,5,MonthDay,105
NL_RA,5,JyoCD,06
NL_RA,5,Kaiji,1
NL_RA,5,Nichiji,1
NL_RA,5,RaceNum,5
NL_RA,5,YoubiCD,5
NL_RA,5,GradeCD,
NL_RA,5,SyubetuCD,12
NL_RA,5,JyokenCD1,000
NL_RA,5,JyokenCD2,703
NL_RA,5,JyokenCD3,000
NL_RA,5,JyokenCD4,000
NL_RA,5,JyokenCD5,703
NL_RA,5,JyokenName,
NL_RA,5,Kyori,2000
NL_RA,5,TrackCD,17
NL_RA,5,CourseKubunCD,C
NL_RA,5,HassoTime,0000
NL_RA,5,TorokuTosu,0
NL_RA,5,SyussoTosu,0
NL_RA,5,TenkoCD,0
NL_RA,5,SibaBabaCD,0
NL_RA,5,DirtBabaCD,0
NL_RA,6,Year,2016
NL_RA,6,MonthDay,105
NL_RA,6,JyoCD,06
NL_RA,6,Kaiji,1
NL_RA,6,Nichiji,1
NL_RA,6,RaceNum,6
NL_RA,6,YoubiCD,5
NL_RA,6,GradeCD,
NL_RA,6,SyubetuCD,12
NL_RA,6,JyokenCD1,000
NL_RA,6,JyokenCD2,701
NL_RA,6,JyokenCD3,000
NL_RA,6,JyokenCD4,000
NL_RA,6,JyokenCD5,701
NL_RA,6,JyokenName,
NL_RA,6,Kyori,2000
NL_RA,6,TrackCD,17
NL_RA,6,CourseKubunCD,C
NL_RA,6,HassoTime,0000
NL_RA,6,TorokuTosu,0
NL_RA,6,SyussoTosu,0
NL_RA,6,TenkoCD,0
NL_RA,6,SibaBabaCD,0
NL_RA,6,DirtBabaCD,0
NL_RA,7,Year,2016
NL_RA,7,MonthDay,105
NL_RA,7,JyoCD,06
NL_RA,7,Kaiji,1
NL_RA,7,Nichiji,1
NL_RA,7,RaceNum,7
NL_RA,7,YoubiCD,5
NL_RA,7,GradeCD,
NL_RA,7,SyubetuCD,12
NL_RA,7,JyokenCD1,000
NL_RA,7,JyokenCD2,005
NL_RA,7,JyokenCD3,000
NL_RA,7,JyokenCD4,000
NL_RA,7,JyokenCD5,005
NL_RA,7,JyokenName,
NL_RA,7,Kyori,1800
NL_RA,7,TrackCD,24
NL_RA,7,CourseKubunCD,
NL_RA,7,HassoTime,0000
NL_RA,7,TorokuTosu,0
NL_RA,7,SyussoTosu,0
NL_RA,7,TenkoCD,0
NL_RA,7,SibaBabaCD,0
NL_RA,7,DirtBabaCD,0
NL_RA,8,Year,2016
NL_RA,8,MonthDay,105
NL_RA,8,JyoCD,06
NL_RA,8,Kaiji,1
NL_RA,8,Nichiji,1
NL_RA,8,RaceNum,8
NL_RA,8,YoubiCD,5
NL_RA,8,GradeCD,
NL_RA,8,SyubetuCD,14
NL_RA,8,JyokenCD1,000
NL_RA,8,JyokenCD2,000
NL_RA,8,JyokenCD3,010
NL_RA,8,JyokenCD4,010
NL_RA,8,JyokenCD5,010
NL_RA,8,JyokenName,
NL_RA,8,Kyori,1200
NL_RA,8,TrackCD,24
NL_RA,8,CourseKubunCD,
NL_RA,8,HassoTime,0001
NL_RA,8,TorokuTosu,0
NL_RA,8,SyussoTosu,0
NL_RA,8,TenkoCD,0
NL_RA,8,SibaBabaCD,0
NL_RA,8,DirtBabaCD,0
NL_RA,9,Year,2016
NL_RA,9,MonthDay,105
NL_RA,9,JyoCD,06
NL_RA,9,Kaiji,1
NL_RA,9,Nichiji,1
NL_RA,9,RaceNum,9
NL_RA,9,YoubiCD,5
NL_RA,9,GradeCD,E
NL_RA,9,SyubetuCD,14
NL_RA,9,JyokenCD1,000
NL_RA,9,JyokenCD2,000
NL_RA,9,JyokenCD3,010
NL_RA,9,JyokenCD4,010
NL_RA,9,JyokenCD5,010
NL_RA,9,JyokenName,
NL_RA,9,Kyori,1800
NL_RA,9,TrackCD,24
NL_RA,9,CourseKubunCD,
NL_RA,9,HassoTime,0001
NL_RA,9,TorokuTosu,0
NL_RA,9,SyussoTosu,0
NL_RA,9,TenkoCD,0
NL_RA,9,SibaBabaCD,0
NL_RA,9,DirtBabaCD,0
NL_RA,10,Year,2016
NL_RA,10,MonthDay,105
NL_RA,10,JyoCD,06
NL_RA,10,Kaiji,1
NL_RA,10,Nichiji,1
NL_RA,10,RaceNum,10
NL_RA,10,YoubiCD,5
NL_RA,10,GradeCD,E
NL_RA,10,SyubetuCD,12
NL_RA,10,JyokenCD1,000
NL_RA,10,JyokenCD2,999
NL_RA,10,JyokenCD3,000
NL_RA,10,JyokenCD4,000
NL_RA,10,JyokenCD5,999
NL_RA,10,JyokenName,
NL_RA,10,Kyori,1600
NL_RA,10,TrackCD,18
NL_RA,10,CourseKubunCD,C
NL_RA,10,HassoTime,0001
NL_RA,10,TorokuTosu,0
NL_RA,10,SyussoTosu,0
NL_RA,10,TenkoCD,0
NL_RA,10,SibaBabaCD,0
NL_RA,10,DirtBabaCD,0
NL_RA,11,Year,2016
NL_RA,11,MonthDay,105
NL_RA,11,JyoCD,06
NL_RA,11,Kaiji,1
NL_RA,11,Nichiji,1
NL_RA,11,RaceNum,11
NL_RA,11,YoubiCD,5
NL_RA,11,GradeCD,C
NL_RA,11,SyubetuCD,14
NL_RA,11,JyokenCD1,000
NL_RA,11,JyokenCD2,000
NL_RA,11,JyokenCD3,999
NL_RA,11,JyokenCD4,999
NL_RA,11,JyokenCD5,999
NL_RA,11,JyokenName,
NL_RA,11,Kyori,2000
NL_RA,11,TrackCD,17
NL_RA,11,CourseKubunCD,C
NL_RA,11,HassoTime,0004
NL_RA,11,TorokuTosu,0
NL_RA,11,SyussoTosu,0
NL_RA,11,TenkoCD,0
NL_RA,11,SibaBabaCD,0
NL_RA,11,DirtBabaCD,0
NL_RA,12,Year,2016
NL_RA,12,MonthDay,105
NL_RA,12,JyoCD,06
NL_RA,12,Kaiji,1
NL_RA,12,Nichiji,1
NL_RA,12,RaceNum,12
NL_RA,12,YoubiCD,5
NL_RA,12,GradeCD,
NL_RA,12,SyubetuCD,14
NL_RA,12,JyokenCD1,000
NL_RA,12,JyokenCD2,000
NL_RA,12,JyokenCD3,010
NL_RA,12,JyokenCD4,010
NL_RA,12,JyokenCD5,010
NL_RA,12,JyokenName,
NL_RA,12,Kyori,1600
NL_RA,12,TrackCD,18
NL_RA,12,CourseKubunCD,C
NL_RA,12,HassoTime,0001
NL_RA,12,TorokuTosu,0
NL_RA,12,SyussoTosu,0
NL_RA,12,TenkoCD,0
NL_RA,12,SibaBabaCD,0
NL_RA,12,DirtBabaCD,0
NL_RA,13,Year,2016
NL_RA,13,MonthDay,105
NL_RA,13,JyoCD,08
NL_RA,13,Kaiji,1
NL_RA,13,Nichiji,1
NL_RA,13,RaceNum,1
NL_RA,13,YoubiCD,5
NL_RA,13,GradeCD,
NL_RA,13,SyubetuCD,12
NL_RA,13,JyokenCD1,000
NL_RA,13,JyokenCD2,703
NL_RA,13,JyokenCD3,000
NL_RA,13,JyokenCD4,000
NL_RA,13,JyokenCD5,703
NL_RA,13,JyokenName,
NL_RA,13,Kyori,1800
NL_RA,13,TrackCD,24
NL_RA,13,CourseKubunCD,
NL_RA,13,HassoTime,0000
NL_RA,13,TorokuTosu,0
NL_RA,13,SyussoTosu,0
NL_RA,13,TenkoCD,0
NL_RA,13,SibaBabaCD,0
NL_RA,13,DirtBabaCD,0
NL_RA,14,Year,2016
NL_RA,14,MonthDay,105
NL_RA,14,JyoCD,08
NL_RA,14,Kaiji,1
NL_RA,14,Nichiji,1
NL_RA,14,RaceNum,2
NL_RA,14,YoubiCD,5
NL_RA,14,GradeCD,
NL_RA,14,SyubetuCD,12
NL_RA,14,JyokenCD1,000
NL_RA,14,JyokenCD2,703
NL_RA,14,JyokenCD3,000
NL_RA,14,JyokenCD4,000
NL_RA,14,JyokenCD5,703
NL_RA,14,JyokenName,
NL_RA,14,Kyori,1200
NL_RA,14,TrackCD,24
NL_RA,14,CourseKubunCD,
NL_RA,14,HassoTime,0000
NL_RA,14,TorokuTosu,0
NL_RA,14,SyussoTosu,0
NL_RA,14,TenkoCD,0
NL_RA,14,SibaBabaCD,0
NL_RA,14,DirtBabaCD,0
NL_RA,15,Year,2016
NL_RA,15,MonthDay,105
NL_RA,15,JyoCD,08
NL_RA,15,Kaiji,1
NL_RA,15,Nichiji,1
NL_RA,15,RaceNum,3
NL_RA,15,YoubiCD,5
NL_RA,15,GradeCD,
NL_RA,15,SyubetuCD,12
NL_RA,15,JyokenCD1,000
NL_RA,15,JyokenCD2,005
NL_RA,15,JyokenCD3,000
NL_RA,15,JyokenCD4,000
NL_RA,15,JyokenCD5,005
NL_RA,15,JyokenName,
NL_RA,15,Kyori,1800
NL_RA,15,TrackCD,24
NL_RA,15,CourseKubunCD,
NL_RA,15,HassoTime,0000
NL_RA,15,TorokuTosu,0
NL_RA,15,SyussoTosu,0
NL_RA,15,TenkoCD,0
NL_RA,15,SibaBabaCD,0
NL_RA,15,DirtBabaCD,0
NL_RA,16,Year,2016
NL_RA,16,MonthDay,105
NL_RA,16,JyoCD,08
NL_RA,16,Kaiji,1
NL_RA,16,Nichiji,1
NL_RA,16,RaceNum,4
NL_RA,16,YoubiCD,5
NL_RA,16,GradeCD,
NL_RA,16,SyubetuCD,14
NL_RA,16,JyokenCD1,000
NL_RA,16,JyokenCD2,000
NL_RA,16,JyokenCD3,005
NL_RA,16,JyokenCD4,005
NL_RA,16,JyokenCD5,005
NL_RA,16,JyokenName,
NL_RA,16,Kyori,1800
NL_RA,16,TrackCD,24
NL_RA,16,CourseKubunCD,
NL_RA,16,HassoTime,0000
NL_RA,16,TorokuTosu,0
NL_RA,16,SyussoTosu,0
NL_RA,16,TenkoCD,0
NL_RA,16,SibaBabaCD,0
NL_RA,16,DirtBabaCD,0
NL_RA,17,Year,2016
NL_RA,17,MonthDay,105
NL_RA,17,JyoCD,08
NL_RA,17,Kaiji,1
NL_RA,17,Nichiji,1
NL_RA,17,RaceNum,5
NL_RA,17,YoubiCD,5
NL_RA,17,GradeCD,
NL_RA,17,SyubetuCD,12
NL_RA,17,JyokenCD1,000
NL_RA,17,JyokenCD2,703
NL_RA,17,JyokenCD3,000
NL_RA,17,JyokenCD4,000
NL_RA,17,JyokenCD5,703
NL_RA,17,JyokenName,
NL_RA,17,Kyori,2000
NL_RA,17,TrackCD,17
NL_RA,17,CourseKubunCD,A
NL_RA,17,HassoTime,0000
NL_RA,17,TorokuTosu,0
NL_RA,17,SyussoTosu,0
NL_RA,17,TenkoCD,0
NL_RA,17,SibaBabaCD,0
NL_RA,17,DirtBabaCD,0
NL_RA,18,Year,2016
NL_RA,18,MonthDay,105
NL_RA,18,JyoCD,08
NL_RA,18,Kaiji,1
NL_RA,18,Nichiji,1
NL_RA,18,RaceNum,6
NL_RA,18,YoubiCD,5
NL_RA,18,GradeCD,
NL_RA,18,SyubetuCD,12
NL_RA,18,JyokenCD1,000
NL_RA,18,JyokenCD2,701
NL_RA,18,JyokenCD3,000
NL_RA,18,JyokenCD4,000
NL_RA,18,JyokenCD5,701
NL_RA,18,JyokenName,
NL_RA,18,Kyori,2000
NL_RA,18,TrackCD,17
NL_RA,18,CourseKubunCD,A
NL_RA,18,HassoTime,0000
NL_RA,18,TorokuTosu,0
NL_RA,18,SyussoTosu,0
NL_RA,18,TenkoCD,0
NL_RA,18,SibaBabaCD,0
NL_RA,18,DirtBabaCD,0
NL_RA,19,Year,2016
NL_RA,19,MonthDay,105
NL_RA,19,JyoCD,08
NL_RA,19,Kaiji,1
NL_RA,19,Nichiji,1
NL_RA,19,RaceNum,7
NL_RA,19,YoubiCD,5
NL_RA,19,GradeCD,
NL_RA,19,SyubetuCD,14
NL_RA,19,JyokenCD1,000
NL_RA,19,JyokenCD2,000
NL_RA,19,JyokenCD3,005
NL_RA,19,JyokenCD4,005
NL_RA,19,JyokenCD5,005
NL_RA,19,JyokenName,
NL_RA,19,Kyori,1200
NL_RA,19,TrackCD,24
NL_RA,19,CourseKubunCD,
NL_RA,19,HassoTime,0000
NL_RA,19,TorokuTosu,0
NL_RA,19,SyussoTosu,0
NL_RA,19,TenkoCD,0
NL_RA,19,SibaBabaCD,0
NL_RA,19,DirtBabaCD,0
NL_RA,20,Year,2016
NL_RA,20,MonthDay,105
NL_RA,20,JyoCD,08
NL_RA,20,Kaiji,1
NL_RA,20,Nichiji,1
NL_RA,20,RaceNum,8
NL_RA,20,YoubiCD,5
NL_RA,20,GradeCD,
NL_RA,20,SyubetuCD,14
NL_RA,20,JyokenCD1,000
NL_RA,20,JyokenCD2,000
NL_RA,20,JyokenCD3,010
NL_RA,20,JyokenCD4,010
NL_RA,20,JyokenCD5,010
NL_RA,20,JyokenName,
NL_RA,20,Kyori,1800
NL_RA,20,TrackCD,24
NL_RA,20,CourseKubunCD,
NL_RA,20,HassoTime,0001
NL_RA,20,TorokuTosu,0
NL_RA,20,SyussoTosu,0
NL_RA,20,TenkoCD,0
NL_RA,20,SibaBabaCD,0
NL_RA,20,DirtBabaCD,0
NL_O1,1,Year,2016
NL_O1,1,MonthDay,105
NL_O1,1,JyoCD,06
NL_O1,1,Kaiji,1
NL_O1,1,Nichiji,1
NL_O1,1,RaceNum,1
NL_O1,1,HassoTime,00000000
NL_O1,1,Umaban,1
NL_O1,1,TanOdds,190.5
NL_O1,1,TanNinki,14
NL_O1,1,FukuUmaban,1
NL_O1,1,FukuOddsLow,36.0
NL_O1,1,FukuOddsHigh,62.7
NL_O1,1,FukuNinki,15
NL_O1,1,TanVote,203845
NL_O1,1,FukuVote,393043
NL_O1,2,Year,2016
NL_O1,2,MonthDay,105
NL_O1,2,JyoCD,06
NL_O1,2,Kaiji,1
NL_O1,2,Nichiji,1
NL_O1,2,RaceNum,1
NL_O1,2,HassoTime,00000000
NL_O1,2,Umaban,2
NL_O1,2,TanOdds,84.2
NL_O1,2,TanNinki,11
NL_O1,2,FukuUmaban,2
NL_O1,2,FukuOddsLow,18.8
NL_O1,2,FukuOddsHigh,32.5
NL_O1,2,FukuNinki,12
NL_O1,2,TanVote,203845
NL_O1,2,FukuVote,393043
NL_O1,3,Year,2016
NL_O1,3,MonthDay,105
NL_O1,3,JyoCD,06
NL_O1,3,Kaiji,1
NL_O1,3,Nichiji,1
NL_O1,3,RaceNum,1
NL_O1,3,HassoTime,00000000
NL_O1,3,Umaban,3
NL_O1,3,TanOdds,14.7
NL_O1,3,TanNinki,6
NL_O1,3,FukuUmaban,3
NL_O1,3,FukuOddsLow,3.1
NL_O1,3,FukuOddsHigh,5.0
NL_O1,3,FukuNinki,6
NL_O1,3,TanVote,203845
NL_O1,3,FukuVote,393043
NL_O1,4,Year,2016
NL_O1,4,MonthDay,105
NL_O1,4,JyoCD,06
NL_O1,4,Kaiji,1
NL_O1,4,Nichiji,1
NL_O1,4,RaceNum,1
NL_O1,4,HassoTime,00000000
NL_O1,4,Umaban,4
NL_O1,4,TanOdds,292.7
NL_O1,4,TanNinki,16
NL_O1,4,FukuUmaban,4
NL_O1,4,FukuOddsLow,48.3
NL_O1,4,FukuOddsHigh,84.1
NL_O1,4,FukuNinki,16
NL_O1,4,TanVote,203845
NL_O1,4,FukuVote,393043
NL_O1,5,Year,2016
NL_O1,5,MonthDay,105
NL_O1,5,JyoCD,06
NL_O1,5,Kaiji,1
NL_O1,5,Nichiji,1
NL_O1,5,RaceNum,1
NL_O1,5,HassoTime,00000000
NL_O1,5,Umaban,5
NL_O1,5,TanOdds,5.4
NL_O1,5,TanNinki,3
NL_O1,5,FukuUmaban,5
NL_O1,5,FukuOddsLow,1.5
NL_O1,5,FukuOddsHigh,2.3
NL_O1,5,FukuNinki,3
NL_O1,5,TanVote,203845
NL_O1,5,FukuVote,393043
NL_O1,6,Year,2016
NL_O1,6,MonthDay,105
NL_O1,6,JyoCD,06
NL_O1,6,Kaiji,1
NL_O1,6,Nichiji,1
NL_O1,6,RaceNum,1
NL_O1,6,HassoTime,00000000
NL_O1,6,Umaban,6
NL_O1,6,TanOdds,115.0
NL_O1,6,TanNinki,13
NL_O1,6,FukuUmaban,6
NL_O1,6,FukuOddsLow,22.8
NL_O1,6,FukuOddsHigh,39.7
NL_O1,6,FukuNinki,13
NL_O1,6,TanVote,203845
NL_O1,6,FukuVote,393043
NL_O1,7,Year,2016
NL_O1,7,MonthDay,105
NL_O1,7,JyoCD,06
NL_O1,7,Kaiji,1
NL_O1,7,Nichiji,1
NL_O1,7,RaceNum,1
NL_O1,7,HassoTime,00000000
NL_O1,7,Umaban,7
NL_O1,7,TanOdds,14.9
NL_O1,7,TanNinki,7
NL_O1,7,FukuUmaban,7
NL_O1,7,FukuOddsLow,3.2
NL_O1,7,FukuOddsHigh,5.2
NL_O1,7,FukuNinki,7
NL_O1,7,TanVote,203845
NL_O1,7,FukuVote,393043
NL_O1,8,Year,2016
NL_O1,8,MonthDay,105
NL_O1,8,JyoCD,06
NL_O1,8,Kaiji,1
NL_O1,8,Nichiji,1
NL_O1,8,RaceNum,1
NL_O1,8,HassoTime,00000000
NL_O1,8,Umaban,8
NL_O1,8,TanOdds,23.4
NL_O1,8,TanNinki,8
NL_O1,8,FukuUmaban,8
NL_O1,8,FukuOddsLow,4.6
NL_O1,8,FukuOddsHigh,7.8
NL_O1,8,FukuNinki,8
NL_O1,8,TanVote,203845
NL_O1,8,FukuVote,393043
NL_O1,9,Year,2016
NL_O1,9,MonthDay,105
NL_O1,9,JyoCD,06
NL_O1,9,Kaiji,1
NL_O1,9,Nichiji,1
NL_O1,9,RaceNum,1
NL_O1,9,HassoTime,00000000
NL_O1,9,Umaban,9
NL_O1,9,TanOdds,65.6
NL_O1,9,TanNinki,10
NL_O1,9,FukuUmaban,9
NL_O1,9,FukuOddsLow,12.0
NL_O1,9,FukuOddsHigh,20.7
NL_O1,9,FukuNinki,10
NL_O1,9,TanVote,203845
NL_O1,9,FukuVote,393043
NL_O1,10,Year,2016
NL_O1,10,MonthDay,105
NL_O1,10,JyoCD,06
NL_O1,10,Kaiji,1
NL_O1,10,Nichiji,1
NL_O1,10,RaceNum,1
NL_O1,10,HassoTime,00000000
NL_O1,10,Umaban,10
NL_O1,10,TanOdds,6.9
NL_O1,10,TanNinki,4
NL_O1,10,FukuUmaban,10
NL_O1,10,FukuOddsLow,2.0
NL_O1,10,FukuOddsHigh,3.2
NL_O1,10,FukuNinki,5
NL_O1,10,TanVote,203845
NL_O1,10,FukuVote,393043
NL_O1,11,Year,2016
NL_O1,11,MonthDay,105
NL_O1,11,JyoCD,06
NL_O1,11,Kaiji,1
NL_O1,11,Nichiji,1
NL_O1,11,RaceNum,1
NL_O1,11,HassoTime,00000000
NL_O1,11,Umaban,11
NL_O1,11,TanOdds,7.9
NL_O1,11,TanNinki,5
NL_O1,11,FukuUmaban,11
NL_O1,11,FukuOddsLow,2.0
NL_O1,11,FukuOddsHigh,3.1
NL_O1,11,FukuNinki,4
NL_O1,11,TanVote,203845
NL_O1,11,FukuVote,393043
NL_O1,12,Year,2016
NL_O1,12,MonthDay,105
NL_O1,12,JyoCD,06
NL_O1,12,Kaiji,1
NL_O1,12,Nichiji,1
NL_O1,12,RaceNum,1
NL_O1,12,HassoTime,00000000
NL_O1,12,Umaban,12
NL_O1,12,TanOdds,3.5
NL_O1,12,TanNinki,1
NL_O1,12,FukuUmaban,12
NL_O1,12,FukuOddsLow,1.2
NL_O1,12,FukuOddsHigh,1.5
NL_O1,12,FukuNinki,1
NL_O1,12,TanVote,203845
NL_O1,12,FukuVote,393043
NL_O1,13,Year,2016
NL_O1,13,MonthDay,105
NL_O1,13,JyoCD,06
NL_O1,13,Kaiji,1
NL_O1,13,Nichiji,1
NL_O1,13,RaceNum,1
NL_O1,13,HassoTime,00000000
NL_O1,13,Umaban,13
NL_O1,13,TanOdds,3.8
NL_O1,13,TanNinki,2
NL_O1,13,FukuUmaban,13
NL_O1,13,FukuOddsLow,1.4
NL_O1,13,FukuOddsHigh,1.9
NL_O1,13,FukuNinki,2
NL_O1,13,TanVote,203845
NL_O1,13,FukuVote,393043
NL_O1,14,Year,2016
NL_O1,14,MonthDay,105
NL_O1,14,JyoCD,06
NL_O1,14,Kaiji,1
NL_O1,14,Nichiji,1
NL_O1,14,RaceNum,1
NL_O1,14,HassoTime,00000000
NL_O1,14,Umaban,14
NL_O1,14,TanOdds,227.7
NL_O1,14,TanNinki,15
NL_O1,14,FukuUmaban,14
NL_O1,14,FukuOddsLow,33.4
NL_O1,14,FukuOddsHigh,58.2
NL_O1,14,FukuNinki,14
NL_O1,14,TanVote,203845
NL_O1,14,FukuVote,393043
NL_O1,15,Year,2016
NL_O1,15,MonthDay,105
NL_O1,15,JyoCD,06
NL_O1,15,Kaiji,1
NL_O1,15,Nichiji,1
NL_O1,15,RaceNum,1
NL_O1,15,HassoTime,00000000
NL_O1,15,Umaban,15
NL_O1,15,TanOdds,112.0
NL_O1,15,TanNinki,12
NL_O1,15,FukuUmaban,15
NL_O1,15,FukuOddsLow,13.1
NL_O1,15,FukuOddsHigh,22.7
NL_O1,15,FukuNinki,11
NL_O1,15,TanVote,203845
NL_O1,15,FukuVote,393043
NL_O1,16,Year,2016
NL_O1,16,MonthDay,105
NL_O1,16,JyoCD,06
NL_O1,16,Kaiji,1
NL_O1,16,Nichiji,1
NL_O1,16,RaceNum,1
NL_O1,16,HassoTime,00000000
NL_O1,16,Umaban,16
NL_O1,16,TanOdds,52.1
NL_O1,16,TanNinki,9
NL_O1,16,FukuUmaban,16
NL_O1,16,FukuOddsLow,9.4
NL_O1,16,FukuOddsHigh,16.1
NL_O1,16,FukuNinki,9
NL_O1,16,TanVote,203845
NL_O1,16,FukuVote,393043
NL_O1,17,Year,2016
NL_O1,17,MonthDay,105
NL_O1,17,JyoCD,06
NL_O1,17,Kaiji,1
NL_O1,17,Nichiji,1
NL_O1,17,RaceNum,1
NL_O1,17,HassoTime,00000000
NL_O1,17,Umaban,0
NL_O1,17,TanOdds,
NL_O1,17,TanNinki,
NL_O1,17,FukuUmaban,
NL_O1,17,FukuOddsLow,
NL_O1,17,FukuOddsHigh,
NL_O1,17,FukuNinki,
NL_O1,17,TanVote,
NL_O1,17,FukuVote,
NL_O1,18,Year,2016
NL_O1,18,MonthDay,105
NL_O1,18,JyoCD,06
NL_O1,18,Kaiji,1
NL_O1,18,Nichiji,1
NL_O1,18,RaceNum,2
NL_O1,18,HassoTime,00000000
NL_O1,18,Umaban,1
NL_O1,18,TanOdds,182.5
NL_O1,18,TanNinki,12
NL_O1,18,FukuUmaban,1
NL_O1,18,FukuOddsLow,26.1
NL_O1,18,FukuOddsHigh,57.1
NL_O1,18,FukuNinki,13
NL_O1,18,TanVote,222313
NL_O1,18,FukuVote,417928
NL_O1,19,Year,2016
NL_O1,19,MonthDay,105
NL_O1,19,JyoCD,06
NL_O1,19,Kaiji,1
NL_O1,19,Nichiji,1
NL_O1,19,RaceNum,2
NL_O1,19,HassoTime,00000000
NL_O1,19,Umaban,2
NL_O1,19,TanOdds,313.1
NL_O1,19,TanNinki,14
NL_O1,19,FukuUmaban,2
NL_O1,19,FukuOddsLow,45.5
NL_O1,19,FukuOddsHigh,100.0
NL_O1,19,FukuNinki,14
NL_O1,19,TanVote,222313
NL_O1,19,FukuVote,417928
NL_O1,20,Year,2016
NL_O1,20,MonthDay,105
NL_O1,20,JyoCD,06
NL_O1,20,Kaiji,1
NL_O1,20,Nichiji,1
NL_O1,20,RaceNum,2
NL_O1,20,HassoTime,00000000
NL_O1,20,Umaban,3
NL_O1,20,TanOdds,8.8
NL_O1,20,TanNinki,4
NL_O1,20,FukuUmaban,3
NL_O1,20,FukuOddsLow,1.8
NL_O1,20,FukuOddsHigh,3.4
NL_O1,20,FukuNinki,4
NL_O1,20,TanVote,222313
NL_O1,20,FukuVote,417928
NL_HR,1,Year,2016
NL_HR,1,MonthDay,105
NL_HR,1,JyoCD,06
NL_HR,1,Kaiji,1
NL_HR,1,Nichiji,1
NL_HR,1,RaceNum,1
NL_HR,1,TanUmaban,12
NL_HR,1,TanPay,350
NL_HR,1,TanNinki,1
NL_HR,1,FukuUmaban,12
NL_HR,1,FukuPay,120
NL_HR,1,FukuNinki,1
NL_HR,2,Year,2016
NL_HR,2,MonthDay,105
NL_HR,2,JyoCD,06
NL_HR,2,Kaiji,1
NL_HR,2,Nichiji,1
NL_HR,2,RaceNum,2
NL_HR,2,TanUmaban,05
NL_HR,2,TanPay,1580
NL_HR,2,TanNinki,7
NL_HR,2,FukuUmaban,05
NL_HR,2,FukuPay,440
NL_HR,2,FukuNinki,5
NL_HR,3,Year,2016
NL_HR,3,MonthDay,105
NL_HR,3,JyoCD,06
NL_HR,3,Kaiji,1
NL_HR,3,Nichiji,1
NL_HR,3,RaceNum,3
NL_HR,3,TanUmaban,12
NL_HR,3,TanPay,360
NL_HR,3,TanNinki,1
NL_HR,3,FukuUmaban,12
NL_HR,3,FukuPay,200
NL_HR,3,FukuNinki,1
NL_HR,4,Year,2016
NL_HR,4,MonthDay,105
NL_HR,4,JyoCD,06
NL_HR,4,Kaiji,1
NL_HR,4,Nichiji,1
NL_HR,4,RaceNum,4
NL_HR,4,TanUmaban,10
NL_HR,4,TanPay,240
NL_HR,4,TanNinki,1
NL_HR,4,FukuUmaban,10
NL_HR,4,FukuPay,110
NL_HR,4,FukuNinki,1
NL_HR,5,Year,2016
NL_HR,5,MonthDay,105
NL_HR,5,JyoCD,06
NL_HR,5,Kaiji,1
NL_HR,5,Nichiji,1
NL_HR,5,RaceNum,5
NL_HR,5,TanUmaban,02
NL_HR,5,TanPay,400
NL_HR,5,TanNinki,2
NL_HR,5,FukuUmaban,02
NL_HR,5,FukuPay,170
NL_HR,5,FukuNinki,2
NL_HR,6,Year,2016
NL_HR,6,MonthDay,105
NL_HR,6,JyoCD,06
NL_HR,6,Kaiji,1
NL_HR,6,Nichiji,1
NL_HR,6,RaceNum,6
NL_HR,6,TanUmaban,08
NL_HR,6,TanPay,150
NL_HR,6,TanNinki,1
NL_HR,6,FukuUmaban,08
NL_HR,6,FukuPay,110
NL_HR,6,FukuNinki,1
NL_HR,7,Year,2016
NL_HR,7,MonthDay,105
NL_HR,7,JyoCD,06
NL_HR,7,Kaiji,1
NL_HR,7,Nichiji,1
NL_HR,7,RaceNum,7
NL_HR,7,TanUmaban,12
NL_HR,7,TanPay,710
NL_HR,7,TanNinki,4
NL_HR,7,FukuUmaban,12
NL_HR,7,FukuPay,210
NL_HR,7,FukuNinki,3
NL_HR,8,Year,2016
NL_HR,8,MonthDay,105
NL_HR,8,JyoCD,06
NL_HR,8,Kaiji,1
NL_HR,8,Nichiji,1
NL_HR,8,RaceNum,8
NL_HR,8,TanUmaban,16
NL_HR,8,TanPay,780
NL_HR,8,TanNinki,4
NL_HR,8,FukuUmaban,16
NL_HR,8,FukuPay,310
NL_HR,8,FukuNinki,6
NL_HR,9,Year,2016
NL_HR,9,MonthDay,105
NL_HR,9,JyoCD,06
NL_HR,9,Kaiji,1
NL_HR,9,Nichiji,1
NL_HR,9,RaceNum,9
NL_HR,9,TanUmaban,03
NL_HR,9,TanPay,480
NL_HR,9,TanNinki,2
NL_HR,9,FukuUmaban,03
NL_HR,9,FukuPay,200
NL_HR,9,FukuNinki,2
NL_HR,10,Year,2016
NL_HR,10,MonthDay,105
NL_HR,10,JyoCD,06
NL_HR,10,Kaiji,1
NL_HR,10,Nichiji,1
NL_HR,10,RaceNum,10
NL_HR,10,TanUmaban,04
NL_HR,10,TanPay,1040
NL_HR,10,TanNinki,4
NL_HR,10,FukuUmaban,04
NL_HR,10,FukuPay,250
NL_HR,10,FukuNinki,4
NL_HR,11,Year,2016
NL_HR,11,MonthDay,105
NL_HR,11,JyoCD,06
NL_HR,11,Kaiji,1
NL_HR,11,Nichiji,1
NL_HR,11,RaceNum,11
NL_HR,11,TanUmaban,05
NL_HR,11,TanPay,490
NL_HR,11,TanNinki,3
NL_HR,11,FukuUmaban,05
NL_HR,11,FukuPay,160
NL_HR,11,FukuNinki,3
NL_HR,12,Year,2016
NL_HR,12,MonthDay,105
NL_HR,12,JyoCD,06
NL_HR,12,Kaiji,1
NL_HR,12,Nichiji,1
NL_HR,12,RaceNum,12
NL_HR,12,TanUmaban,08
NL_HR,12,TanPay,180
NL_HR,12,TanNinki,1
NL_HR,12,FukuUmaban,08
NL_HR,12,FukuPay,110
NL_HR,12,FukuNinki,1
NL_HR,13,Year,2016
NL_HR,13,MonthDay,105
NL_HR,13,JyoCD,08
NL_HR,13,Kaiji,1
NL_HR,13,Nichiji,1
NL_HR,13,RaceNum,1
NL_HR,13,TanUmaban,05
NL_HR,13,TanPay,190
NL_HR,13,TanNinki,1
NL_HR,13,FukuUmaban,05
NL_HR,13,FukuPay,110
NL_HR,13,FukuNinki,1
NL_HR,14,Year,2016
NL_HR,14,MonthDay,105
NL_HR,14,JyoCD,08
NL_HR,14,Kaiji,1
NL_HR,14,Nichiji,1
NL_HR,14,RaceNum,2
NL_HR,14,TanUmaban,02
NL_HR,14,TanPay,470
NL_HR,14,TanNinki,2
NL_HR,14,FukuUmaban,02
NL_HR,14,FukuPay,130
NL_HR,14,FukuNinki,1
NL_HR,15,Year,2016
NL_HR,15,MonthDay,105
NL_HR,15,JyoCD,08
NL_HR,15,Kaiji,1
NL_HR,15,Nichiji,1
NL_HR,15,RaceNum,3
NL_HR,15,TanUmaban,12
NL_HR,15,TanPay,250
NL_HR,15,TanNinki,1
NL_HR,15,FukuUmaban,12
NL_HR,15,FukuPay,120
NL_HR,15,FukuNinki,2
NL_HR,16,Year,2016
NL_HR,16,MonthDay,105
NL_HR,16,JyoCD,08
NL_HR,16,Kaiji,1
NL_HR,16,Nichiji,1
NL_HR,16,RaceNum,4
NL_HR,16,TanUmaban,09
NL_HR,16,TanPay,310
NL_HR,16,TanNinki,1
NL_HR,16,FukuUmaban,09
NL_HR,16,FukuPay,110
NL_HR,16,FukuNinki,1
NL_HR,17,Year,2016
NL_HR,17,MonthDay,105
NL_HR,17,JyoCD,08
NL_HR,17,Kaiji,1
NL_HR,17,Nichiji,1
NL_HR,17,RaceNum,5
NL_HR,17,TanUmaban,05
NL_HR,17,TanPay,480
NL_HR,17,TanNinki,2
NL_HR,17,FukuUmaban,05
NL_HR,17,FukuPay,140
NL_HR,17,FukuNinki,2
NL_HR,18,Year,2016
NL_HR,18,MonthDay,105
NL_HR,18,JyoCD,08
NL_HR,18,Kaiji,1
NL_HR,18,Nichiji,1
NL_HR,18,RaceNum,6
NL_HR,18,TanUmaban,11
NL_HR,18,TanPay,1410
NL_HR,18,TanNinki,7
NL_HR,18,FukuUmaban,11
NL_HR,18,FukuPay,350
NL_HR,18,FukuNinki,6
NL_HR,19,Year,2016
NL_HR,19,MonthDay,105
NL_HR,19,JyoCD,08
NL_HR,19,Kaiji,1
NL_HR,19,Nichiji,1
NL_HR,19,RaceNum,7
NL_HR,19,TanUmaban,04
NL_HR,19,TanPay,850
NL_HR,19,TanNinki,4
NL_HR,19,FukuUmaban,04
NL_HR,19,FukuPay,250
NL_HR,19,FukuNinki,5
NL_HR,20,Year,2016
NL_HR,20,MonthDay,105
NL_HR,20,JyoCD,08
NL_HR,20,Kaiji,1
NL_HR,20,Nichiji,1
NL_HR,20,RaceNum,8
NL_HR,20,TanUmaban,13
NL_HR,20,TanPay,280
NL_HR,20,TanNinki,2
NL_HR,20,FukuUmaban,13
NL_HR,20,FukuPay,150
NL_HR,20,FukuNinki,1
