table_name,column_name,data_type,notnull,default_value,primary_key
NL_AV,RecordSpec,TEXT,0,,0
NL_AV,DataKubun,TEXT,0,,0
NL_AV,KettoNum,TEXT,0,,1
NL_AV,SaleHostName,TEXT,0,,2
NL_AV,SaleName,TEXT,0,,3
NL_AV,Price,BIGINT,0,,0
NL_AV,RecordDelimiter,TEXT,0,,0
NL_BN,RecordSpec,TEXT,0,,0
NL_BN,DataKubun,TEXT,0,,0
NL_BN,MakeDate,TEXT,0,,0
NL_BN,BanusiCode,TEXT,0,,1
NL_BN,BanusiName_Co,TEXT,0,,0
NL_BN,BanusiName,TEXT,0,,0
NL_BN,BanusiNameKana,TEXT,0,,0
NL_BN,BanusiNameEng,TEXT,0,,0
NL_BN,Fukusyoku,TEXT,0,,0
NL_BN,SetYear,INTEGER,0,,0
NL_BN,HonSyokinTotal,BIGINT,0,,0
NL_BN,FukaSyokin,BIGINT,0,,0
NL_BN,ChakuKaisu,INTEGER,0,,0
NL_BN,Reserved_386,TEXT,0,,0
NL_BR,RecordSpec,TEXT,0,,0
NL_BR,DataKubun,TEXT,0,,0
NL_BR,MakeDate,TEXT,0,,0
NL_BR,BreederCode,TEXT,0,,1
NL_BR,BreederName_Co,TEXT,0,,0
NL_BR,BreederName,TEXT,0,,0
NL_BR,BreederNameKana,TEXT,0,,0
NL_BR,BreederNameEng,TEXT,0,,0
NL_BR,Address,TEXT,0,,0
NL_BR,SetYear,INTEGER,0,,0
NL_BR,HonSyokinTotal,BIGINT,0,,0
NL_BR,FukaSyokin,BIGINT,0,,0
NL_BR,ChakuKaisu,INTEGER,0,,0
NL_BR,Reserved_454,TEXT,0,,0
NL_BT,RecordSpec,TEXT,0,,0
NL_BT,DataKubun,TEXT,0,,0
NL_BT,MakeDate,TEXT,0,,0
NL_BT,HansyokuNum,TEXT,0,,1
NL_BT,KeitoId,TEXT,0,,0
NL_BT,KeitoName,TEXT,0,,0
NL_BT,KeitoEx,TEXT,0,,0
NL_BT,RecordDelimiter,TEXT,0,,0
NL_CC,RecordSpec,TEXT,0,,0
NL_CC,DataKubun,TEXT,0,,0
NL_CC,MakeDate,TEXT,0,,0
NL_CC,Year,INTEGER,0,,1
NL_CC,MonthDay,INTEGER,0,,2
NL_CC,JyoCD,TEXT,0,,3
NL_CC,Kaiji,INTEGER,0,,4
NL_CC,Nichiji,INTEGER,0,,5
NL_CC,RaceNum,INTEGER,0,,6
NL_CC,HappyoTime,TEXT,0,,0
NL_CC,AtoKyori,INTEGER,0,,0
NL_CC,AtoTruckCD,TEXT,0,,0
NL_CC,MaeKyori,INTEGER,0,,0
NL_CC,MaeTruckCD,TEXT,0,,0
NL_CC,JiyuCD,TEXT,0,,0
NL_CH,RecordSpec,TEXT,0,,0
NL_CH,DataKubun,TEXT,0,,0
NL_CH,MakeDate,TEXT,0,,0
NL_CH,ChokyosiCode,TEXT,0,,1
NL_CH,DelKubun,TEXT,0,,0
NL_CH,IssueDate,TEXT,0,,0
NL_CH,DelDate,TEXT,0,,0
NL_CH,BirthDate,TEXT,0,,0
NL_CH,ChokyosiName,TEXT,0,,0
NL_CH,ChokyosiNameKana,TEXT,0,,0
NL_CH,ChokyosiRyakusyo,TEXT,0,,0
NL_CH,ChokyosiNameEng,TEXT,0,,0
NL_CH,SexCD,TEXT,0,,0
NL_CH,TozaiCD,TEXT,0,,0
NL_CH,Syotai,TEXT,0,,0
NL_CH,SaikinJyusyo1_id,TEXT,0,,0
NL_CH,SaikinJyusyo1_Hondai,TEXT,0,,0
NL_CH,SaikinJyusyo1_Ryakusyo10,TEXT,0,,0
NL_CH,SaikinJyusyo1_Ryakusyo6,TEXT,0,,0
NL_CH,SaikinJyusyo1_Ryakusyo3,TEXT,0,,0
NL_CH,SaikinJyusyo1_GradeCD,TEXT,0,,0
NL_CH,SaikinJyusyo1_SyussoTosu,INTEGER,0,,0
NL_CH,SaikinJyusyo1_KettoNum,TEXT,0,,0
NL_CH,SaikinJyusyo1_Bamei,TEXT,0,,0
NL_CH,SetYear,INTEGER,0,,0
NL_CH,HonSyokinH,BIGINT,0,,0
NL_CH,HonSyokinS,BIGINT,0,,0
NL_CH,FukaSyokinH,BIGINT,0,,0
NL_CH,FukaSyokinS,BIGINT,0,,0
NL_CH,ChakuKaisuH,INTEGER,0,,0
NL_CH,ChakuKaisuS,INTEGER,0,,0
NL_CH,ChakuKaisu01H,INTEGER,0,,0
NL_CH,ChakuKaisu01S,INTEGER,0,,0
NL_CH,ChakuKaisu02H,INTEGER,0,,0
NL_CH,ChakuKaisu02S,INTEGER,0,,0
NL_CH,ChakuKaisu03H,INTEGER,0,,0
NL_CH,ChakuKaisu03S,INTEGER,0,,0
NL_CH,ChakuKaisu04H,INTEGER,0,,0
NL_CH,ChakuKaisu04S,INTEGER,0,,0
NL_CH,ChakuKaisu05H,INTEGER,0,,0
NL_CH,ChakuKaisu05S,INTEGER,0,,0
NL_CH,ChakuKaisu06H,INTEGER,0,,0
NL_CH,ChakuKaisu06S,INTEGER,0,,0
NL_CH,ChakuKaisu07H,INTEGER,0,,0
NL_CH,ChakuKaisu07S,INTEGER,0,,0
NL_CH,ChakuKaisu08H,INTEGER,0,,0
NL_CH,ChakuKaisu08S,INTEGER,0,,0
NL_CH,ChakuKaisu09H,INTEGER,0,,0
NL_CH,ChakuKaisu09S,INTEGER,0,,0
NL_CH,ChakuKaisu10H,INTEGER,0,,0
NL_CH,ChakuKaisu10S,INTEGER,0,,0
NL_CH,ChakuKaisuSiba1,INTEGER,0,,0
NL_CH,ChakuKaisuSiba2,INTEGER,0,,0
NL_CH,ChakuKaisuSiba3,INTEGER,0,,0
NL_CH,ChakuKaisuDirt1,INTEGER,0,,0
NL_CH,ChakuKaisuDirt2,INTEGER,0,,0
NL_CH,ChakuKaisuDirt3,INTEGER,0,,0
NL_CH,Reserved_591,TEXT,0,,0
NL_CK,RecordSpec,TEXT,0,,0
NL_CK,DataKubun,TEXT,0,,0
NL_CK,MakeDate,TEXT,0,,0
NL_CK,Year,INTEGER,0,,1
NL_CK,MonthDay,INTEGER,0,,2
NL_CK,JyoCD,TEXT,0,,3
NL_CK,Kaiji,INTEGER,0,,4
NL_CK,Nichiji,INTEGER,0,,5
NL_CK,RaceNum,INTEGER,0,,6
NL_CK,KettoNum,TEXT,0,,7
NL_CK,Bamei,TEXT,0,,0
NL_CK,HeichiHonsyokinTotal,BIGINT,0,,0
NL_CK,SyogaiHonsyokinTotal,BIGINT,0,,0
NL_CK,HeichiFukasyokinTotal,BIGINT,0,,0
NL_CK,SyogaiFukasyokinTotal,BIGINT,0,,0
NL_CK,HeichiSyutokuTotal,BIGINT,0,,0
NL_CK,SyogaiSyutokuTotal,BIGINT,0,,0
NL_CK,TotalChakuCount,INTEGER,0,,0
NL_CK,ChuoChakuCount,INTEGER,0,,0
NL_CK,SibaChoChaku,INTEGER,0,,0
NL_CK,SibaMigiChaku,INTEGER,0,,0
NL_CK,SibaHidariChaku,INTEGER,0,,0
NL_CK,DirtChoChaku,INTEGER,0,,0
NL_CK,DirtMigiChaku,INTEGER,0,,0
NL_CK,DirtHidariChaku,INTEGER,0,,0
NL_CK,SyogaiChaku,INTEGER,0,,0
NL_CK,SibaRyoChaku,INTEGER,0,,0
NL_CK,SibaYayaChaku,INTEGER,0,,0
NL_CK,SibaOmoChaku,INTEGER,0,,0
NL_CK,SibaFuChaku,INTEGER,0,,0
NL_CK,DirtRyoChaku,INTEGER,0,,0
NL_CK,DirtYayaChaku,INTEGER,0,,0
NL_CK,DirtOmoChaku,INTEGER,0,,0
NL_CK,DirtFuChaku,INTEGER,0,,0
NL_CK,SyogaiRyoChaku,INTEGER,0,,0
NL_CK,SyogaiYayaChaku,INTEGER,0,,0
NL_CK,SyogaiOmoChaku,INTEGER,0,,0
NL_CK,SyogaiFuChaku,INTEGER,0,,0
NL_CK,Siba1200IkaChaku,INTEGER,0,,0
NL_CK,Siba1201_1400Chaku,INTEGER,0,,0
NL_CK,Siba1401_1600Chaku,INTEGER,0,,0
NL_CK,Siba1601_1800Chaku,INTEGER,0,,0
NL_CK,Siba1801_2000Chaku,INTEGER,0,,0
NL_CK,Siba2001_2200Chaku,INTEGER,0,,0
NL_CK,Siba2201_2400Chaku,INTEGER,0,,0
NL_CK,Siba2401_2800Chaku,INTEGER,0,,0
NL_CK,Siba2801OverChaku,INTEGER,0,,0
NL_CK,Dirt1200IkaChaku,INTEGER,0,,0
NL_CK,Dirt1201_1400Chaku,INTEGER,0,,0
NL_CK,Dirt1401_1600Chaku,INTEGER,0,,0
NL_CK,Dirt1601_1800Chaku,INTEGER,0,,0
NL_CK,Dirt1801_2000Chaku,INTEGER,0,,0
NL_CK,Dirt2001_2200Chaku,INTEGER,0,,0
NL_CK,Dirt2201_2400Chaku,INTEGER,0,,0
NL_CK,Dirt2401_2800Chaku,INTEGER,0,,0
NL_CK,Dirt2801OverChaku,INTEGER,0,,0
NL_CK,SapporoSibaChaku,INTEGER,0,,0
NL_CK,HakodateSibaChaku,INTEGER,0,,0
NL_CK,FukushimaSibaChaku,INTEGER,0,,0
NL_CK,NiigataSibaChaku,INTEGER,0,,0
NL_CK,TokyoSibaChaku,INTEGER,0,,0
NL_CK,NakayamaSibaChaku,INTEGER,0,,0
NL_CK,ChukyoSibaChaku,INTEGER,0,,0
NL_CK,KyotoSibaChaku,INTEGER,0,,0
NL_CK,HanshinSibaChaku,INTEGER,0,,0
NL_CK,KokuraSibaChaku,INTEGER,0,,0
NL_CK,SapporoDirtChaku,INTEGER,0,,0
NL_CK,HakodateDirtChaku,INTEGER,0,,0
NL_CK,FukushimaDirtChaku,INTEGER,0,,0
NL_CK,NiigataDirtChaku,INTEGER,0,,0
NL_CK,TokyoDirtChaku,INTEGER,0,,0
NL_CK,NakayamaDirtChaku,INTEGER,0,,0
NL_CK,ChukyoDirtChaku,INTEGER,0,,0
NL_CK,KyotoDirtChaku,INTEGER,0,,0
NL_CK,HanshinDirtChaku,INTEGER,0,,0
NL_CK,KokuraDirtChaku,INTEGER,0,,0
NL_CK,SapporoSyogaiChaku,INTEGER,0,,0
NL_CK,HakodateSyogaiChaku,INTEGER,0,,0
NL_CK,FukushimaSyogaiChaku,INTEGER,0,,0
NL_CK,NiigataSyogaiChaku,INTEGER,0,,0
NL_CK,TokyoSyogaiChaku,INTEGER,0,,0
NL_CK,NakayamaSyogaiChaku,INTEGER,0,,0
NL_CK,ChukyoSyogaiChaku,INTEGER,0,,0
NL_CK,KyotoSyogaiChaku,INTEGER,0,,0
NL_CK,HanshinSyogaiChaku,INTEGER,0,,0
NL_CK,KokuraSyogaiChaku,INTEGER,0,,0
NL_CK,KyakusituKeiko,TEXT,0,,0
NL_CK,RegisteredRaceCount,INTEGER,0,,0
NL_CK,KisyuCode,TEXT,0,,0
NL_CK,KisyuName,TEXT,0,,0
NL_CK,KisyuResultsInfo,TEXT,0,,0
NL_CK,ChokyosiCode,TEXT,0,,0
NL_CK,ChokyosiName,TEXT,0,,0
NL_CK,ChokyosiResultsInfo,TEXT,0,,0
NL_CK,BanusiCode,TEXT,0,,0
NL_CK,BanusiName,TEXT,0,,0
NL_CK,BanusiName_Co,TEXT,0,,0
NL_CK,BanusiResultsInfo,TEXT,0,,0
NL_CK,BreederCode,TEXT,0,,0
NL_CK,BreederName,TEXT,0,,0
NL_CK,BreederName_Co,TEXT,0,,0
NL_CK,BreederResultsInfo,TEXT,0,,0
NL_CK,RecordDelimiter,TEXT,0,,0
NL_CS,RecordSpec,TEXT,0,,0
NL_CS,DataKubun,TEXT,0,,0
NL_CS,MakeDate,TEXT,0,,0
NL_CS,JyoCD,TEXT,0,,1
NL_CS,Kyori,INTEGER,0,,2
NL_CS,TrackCD,TEXT,0,,3
NL_CS,KaishuDate,TEXT,0,,0
NL_CS,CourseEx,TEXT,0,,0
NL_CS,RecordDelimiter,TEXT,0,,0
NL_DM,RecordSpec,TEXT,0,,0
NL_DM,DataKubun,TEXT,0,,0
NL_DM,MakeDate,TEXT,0,,0
NL_DM,Year,INTEGER,0,,1
NL_DM,MonthDay,INTEGER,0,,2
NL_DM,JyoCD,TEXT,0,,3
NL_DM,Kaiji,INTEGER,0,,4
NL_DM,Nichiji,INTEGER,0,,5
NL_DM,RaceNum,INTEGER,0,,6
NL_DM,MakeHM,TEXT,0,,0
NL_DM,Umaban,INTEGER,0,,7
NL_DM,DMTime,TEXT,0,,0
NL_DM,DMGosaP,TEXT,0,,0
NL_DM,DMGosaM,TEXT,0,,0
NL_DM,RecordDelimiter,TEXT,0,,0
NL_H1,RecordSpec,TEXT,0,,0
NL_H1,DataKubun,TEXT,0,,0
NL_H1,MakeDate,TEXT,0,,0
NL_H1,Year,INTEGER,0,,1
NL_H1,MonthDay,INTEGER,0,,2
NL_H1,JyoCD,TEXT,0,,3
NL_H1,Kaiji,INTEGER,0,,4
NL_H1,Nichiji,INTEGER,0,,5
NL_H1,RaceNum,INTEGER,0,,6
NL_H1,TorokuTosu,INTEGER,0,,0
NL_H1,SyussoTosu,INTEGER,0,,0
NL_H1,HatubaiFlag1,TEXT,0,,0
NL_H1,HatubaiFlag2,TEXT,0,,0
NL_H1,HatubaiFlag3,TEXT,0,,0
NL_H1,HatubaiFlag4,TEXT,0,,0
NL_H1,HatubaiFlag5,TEXT,0,,0
NL_H1,HatubaiFlag6,TEXT,0,,0
NL_H1,HatubaiFlag7,TEXT,0,,0
NL_H1,FukuChakuBaraiKey,TEXT,0,,0
NL_H1,HenkanUma,TEXT,0,,0
NL_H1,HenkanWaku,TEXT,0,,0
NL_H1,HenkanDoWaku,TEXT,0,,0
NL_H1,BetType,TEXT,0,,7
NL_H1,Kumi,TEXT,0,,8
NL_H1,Hyo,BIGINT,0,,0
NL_H1,Ninki,INTEGER,0,,0
NL_H1,TanHyoTotal,BIGINT,0,,0
NL_H1,FukuHyoTotal,BIGINT,0,,0
NL_H1,WakuHyoTotal,BIGINT,0,,0
NL_H1,UmarenHyoTotal,BIGINT,0,,0
NL_H1,WideHyoTotal,BIGINT,0,,0
NL_H1,UmatanHyoTotal,BIGINT,0,,0
NL_H1,SanrenfukuHyoTotal,BIGINT,0,,0
NL_H1,TanHenkanHyoTotal,BIGINT,0,,0
NL_H1,FukuHenkanHyoTotal,BIGINT,0,,0
NL_H1,WakuHenkanHyoTotal,BIGINT,0,,0
NL_H1,UmarenHenkanHyoTotal,BIGINT,0,,0
NL_H1,WideHenkanHyoTotal,BIGINT,0,,0
NL_H1,UmatanHenkanHyoTotal,BIGINT,0,,0
NL_H1,SanrenfukuHenkanHyoTotal,BIGINT,0,,0
NL_H6,RecordSpec,TEXT,0,,0
NL_H6,DataKubun,TEXT,0,,0
NL_H6,MakeDate,TEXT,0,,0
NL_H6,Year,INTEGER,0,,1
NL_H6,MonthDay,INTEGER,0,,2
NL_H6,JyoCD,TEXT,0,,3
NL_H6,Kaiji,INTEGER,0,,4
NL_H6,Nichiji,INTEGER,0,,5
NL_H6,RaceNum,INTEGER,0,,6
NL_H6,TorokuTosu,INTEGER,0,,0
NL_H6,SyussoTosu,INTEGER,0,,0
NL_H6,HatubaiFlag,TEXT,0,,0
NL_H6,HenkanUma,TEXT,0,,0
NL_H6,SanrentanKumi,TEXT,0,,7
NL_H6,SanrentanHyo,BIGINT,0,,0
NL_H6,SanrentanNinki,INTEGER,0,,0
NL_H6,SanrentanHyoTotal,BIGINT,0,,0
NL_H6,SanrentanHenkanHyoTotal,BIGINT,0,,0
NL_H6,RecordDelimiter,TEXT,0,,0
NL_HA,RecordSpec,TEXT,0,,0
NL_HA,DataKubun,TEXT,0,,0
NL_HA,MakeDate,TEXT,0,,0
NL_HA,KaisaiDate,TEXT,0,,1
NL_HA,JyoCD,TEXT,0,,2
NL_HA,Kaiji,TEXT,0,,3
NL_HA,Nichiji,TEXT,0,,4
NL_HA,RaceNum,TEXT,0,,5
NL_HA,TorokuTosu,TEXT,0,,0
NL_HA,SyussoTosu,TEXT,0,,0
NL_HA,HatsubaiFlag,TEXT,0,,0
NL_HA,Reserved,TEXT,0,,0
NL_HA,TotalPay,TEXT,0,,0
NL_HA,PayKumi1,TEXT,0,,0
NL_HA,PayAmount1,TEXT,0,,0
NL_HA,PayKumi2,TEXT,0,,0
NL_HA,PayAmount2,TEXT,0,,0
NL_HA,PayKumi3,TEXT,0,,0
NL_HA,PayAmount3,TEXT,0,,0
NL_HA,PayoutCount,TEXT,0,,0
NL_HC,RecordSpec,TEXT,0,,0
NL_HC,DataKubun,TEXT,0,,0
NL_HC,MakeDate,TEXT,0,,0
NL_HC,ChokyosiCode,TEXT,0,,1
NL_HC,Num,INTEGER,0,,2
NL_HC,SetYear,INTEGER,0,,3
NL_HC,HonSyokinHeichi,BIGINT,0,,0
NL_HC,HonSyokinSyogai,BIGINT,0,,0
NL_HC,FukaSyokinHeichi,BIGINT,0,,0
NL_HC,FukaSyokinSyogai,BIGINT,0,,0
NL_HC,RecordDelimiter,TEXT,0,,0
NL_HN,RecordSpec,TEXT,0,,0
NL_HN,DataKubun,TEXT,0,,0
NL_HN,MakeDate,TEXT,0,,0
NL_HN,HansyokuNum,TEXT,0,,1
NL_HN,reserved,TEXT,0,,0
NL_HN,KettoNum,TEXT,0,,0
NL_HN,DelKubun,TEXT,0,,0
NL_HN,Bamei,TEXT,0,,0
NL_HN,BameiKana,TEXT,0,,0
NL_HN,BameiEng,TEXT,0,,0
NL_HN,BirthYear,INTEGER,0,,0
NL_HN,SexCD,TEXT,0,,0
NL_HN,HinsyuCD,TEXT,0,,0
NL_HN,KeiroCD,TEXT,0,,0
NL_HN,MochiKubun,TEXT,0,,0
NL_HN,ImportYear,INTEGER,0,,0
NL_HN,SanchiName,TEXT,0,,0
NL_HN,FHansyokuNum,TEXT,0,,0
NL_HN,MHansyokuNum,TEXT,0,,0
NL_HN,Reserved_197,TEXT,0,,0
NL_HN,RecordDelimiter,TEXT,0,,0
NL_HR,RecordSpec,TEXT,0,,0
NL_HR,DataKubun,TEXT,0,,0
NL_HR,MakeDate,TEXT,0,,0
NL_HR,Year,INTEGER,0,,1
NL_HR,MonthDay,INTEGER,0,,2
NL_HR,JyoCD,TEXT,0,,3
NL_HR,Kaiji,INTEGER,0,,4
NL_HR,Nichiji,INTEGER,0,,5
NL_HR,RaceNum,INTEGER,0,,6
NL_HR,TorokuTosu,INTEGER,0,,0
NL_HR,SyussoTosu,INTEGER,0,,0
NL_HR,FuseirituFlag1,INTEGER,0,,0
NL_HR,FuseirituFlag2,INTEGER,0,,0
NL_HR,FuseirituFlag3,INTEGER,0,,0
NL_HR,FuseirituFlag4,INTEGER,0,,0
NL_HR,FuseirituFlag5,INTEGER,0,,0
NL_HR,FuseirituFlag6,INTEGER,0,,0
NL_HR,FuseirituFlag7,INTEGER,0,,0
NL_HR,FuseirituFlag8,INTEGER,0,,0
NL_HR,FuseirituFlag9,INTEGER,0,,0
NL_HR,TokubaraiFlag1,INTEGER,0,,0
NL_HR,TokubaraiFlag2,INTEGER,0,,0
NL_HR,TokubaraiFlag3,INTEGER,0,,0
NL_HR,TokubaraiFlag4,INTEGER,0,,0
NL_HR,TokubaraiFlag5,INTEGER,0,,0
NL_HR,TokubaraiFlag6,INTEGER,0,,0
NL_HR,TokubaraiFlag7,INTEGER,0,,0
NL_HR,TokubaraiFlag8,INTEGER,0,,0
NL_HR,TokubaraiFlag9,INTEGER,0,,0
NL_HR,HenkanFlag1,INTEGER,0,,0
NL_HR,HenkanFlag2,INTEGER,0,,0
NL_HR,HenkanFlag3,INTEGER,0,,0
NL_HR,HenkanFlag4,INTEGER,0,,0
NL_HR,HenkanFlag5,INTEGER,0,,0
NL_HR,HenkanFlag6,INTEGER,0,,0
NL_HR,HenkanFlag7,INTEGER,0,,0
NL_HR,HenkanFlag8,INTEGER,0,,0
NL_HR,HenkanFlag9,INTEGER,0,,0
NL_HR,HenkanUma1,TEXT,0,,0
NL_HR,HenkanUma2,TEXT,0,,0
NL_HR,HenkanUma3,TEXT,0,,0
NL_HR,HenkanUma4,TEXT,0,,0
NL_HR,HenkanUma5,TEXT,0,,0
NL_HR,HenkanUma6,TEXT,0,,0
NL_HR,HenkanUma7,TEXT,0,,0
NL_HR,HenkanUma8,TEXT,0,,0
NL_HR,HenkanUma9,TEXT,0,,0
NL_HR,HenkanUma10,TEXT,0,,0
NL_HR,HenkanUma11,TEXT,0,,0
NL_HR,HenkanUma12,TEXT,0,,0
NL_HR,HenkanUma13,TEXT,0,,0
NL_HR,HenkanUma14,TEXT,0,,0
NL_HR,HenkanUma15,TEXT,0,,0
NL_HR,HenkanUma16,TEXT,0,,0
NL_HR,HenkanUma17,TEXT,0,,0
NL_HR,HenkanUma18,TEXT,0,,0
NL_HR,HenkanUma19,TEXT,0,,0
NL_HR,HenkanUma20,TEXT,0,,0
NL_HR,HenkanUma21,TEXT,0,,0
NL_HR,HenkanUma22,TEXT,0,,0
NL_HR,HenkanUma23,TEXT,0,,0
NL_HR,HenkanUma24,TEXT,0,,0
NL_HR,HenkanUma25,TEXT,0,,0
NL_HR,HenkanUma26,TEXT,0,,0
NL_HR,HenkanUma27,TEXT,0,,0
NL_HR,HenkanUma28,TEXT,0,,0
NL_HR,HenkanWaku1,TEXT,0,,0
NL_HR,HenkanWaku2,TEXT,0,,0
NL_HR,HenkanWaku3,TEXT,0,,0
NL_HR,HenkanWaku4,TEXT,0,,0
NL_HR,HenkanWaku5,TEXT,0,,0
NL_HR,HenkanWaku6,TEXT,0,,0
NL_HR,HenkanWaku7,TEXT,0,,0
NL_HR,HenkanWaku8,TEXT,0,,0
NL_HR,HenkanDoWaku1,TEXT,0,,0
NL_HR,HenkanDoWaku2,TEXT,0,,0
NL_HR,HenkanDoWaku3,TEXT,0,,0
NL_HR,HenkanDoWaku4,TEXT,0,,0
NL_HR,HenkanDoWaku5,TEXT,0,,0
NL_HR,HenkanDoWaku6,TEXT,0,,0
NL_HR,HenkanDoWaku7,TEXT,0,,0
NL_HR,HenkanDoWaku8,TEXT,0,,0
NL_HR,TanUmaban,TEXT,0,,0
NL_HR,TanPay,BIGINT,0,,0
NL_HR,TanNinki,INTEGER,0,,0
NL_HR,FukuUmaban,TEXT,0,,0
NL_HR,FukuPay,BIGINT,0,,0
NL_HR,FukuNinki,INTEGER,0,,0
NL_HR,WakuKumi,TEXT,0,,0
NL_HR,WakuPay,BIGINT,0,,0
NL_HR,WakuNinki,INTEGER,0,,0
NL_HR,UmarenKumi,TEXT,0,,0
NL_HR,UmarenPay,BIGINT,0,,0
NL_HR,UmarenNinki,INTEGER,0,,0
NL_HR,WideKumi,TEXT,0,,0
NL_HR,WidePay,BIGINT,0,,0
NL_HR,WideNinki,INTEGER,0,,0
NL_HR,Yobi1,TEXT,0,,0
NL_HR,Yobi2,TEXT,0,,0
NL_HR,Yobi3,TEXT,0,,0
NL_HR,UmatanKumi,TEXT,0,,0
NL_HR,UmatanPay,BIGINT,0,,0
NL_HR,UmatanNinki,INTEGER,0,,0
NL_HR,SanrenfukuKumi,TEXT,0,,0
NL_HR,SanrenfukuPay,BIGINT,0,,0
NL_HR,SanrenfukuNinki,INTEGER,0,,0
NL_HR,SanrentanKumi,TEXT,0,,0
NL_HR,SanrentanPay,BIGINT,0,,0
NL_HR,SanrentanNinki,INTEGER,0,,0
NL_HR,RecordDelimiter,TEXT,0,,0
NL_HS,RecordSpec,TEXT,0,,0
NL_HS,DataKubun,TEXT,0,,0
NL_HS,MakeDate,TEXT,0,,0
NL_HS,KettoNum,TEXT,0,,1
NL_HS,HansyokuFNum,TEXT,0,,0
NL_HS,HansyokuMNum,TEXT,0,,0
NL_HS,BirthYear,INTEGER,0,,0
NL_HS,SaleCode,TEXT,0,,2
NL_HS,SaleHostName,TEXT,0,,0
NL_HS,SaleName,TEXT,0,,0
NL_HS,FromDate,TEXT,0,,3
NL_HS,ToDate,TEXT,0,,0
NL_HS,Barei,INTEGER,0,,0
NL_HS,Price,BIGINT,0,,0
NL_HS,Field15,TEXT,0,,0
NL_HY,RecordSpec,TEXT,0,,0
NL_HY,DataKubun,TEXT,0,,0
NL_HY,MakeDate,TEXT,0,,0
NL_HY,Bamei,TEXT,0,,1
NL_HY,Field5,TEXT,0,,0
NL_HY,Field6,TEXT,0,,0
NL_HY,Field7,TEXT,0,,0
NL_JC,RecordSpec,TEXT,0,,0
NL_JC,DataKubun,TEXT,0,,0
NL_JC,MakeDate,TEXT,0,,0
NL_JC,Year,INTEGER,0,,1
NL_JC,MonthDay,INTEGER,0,,2
NL_JC,JyoCD,TEXT,0,,3
NL_JC,Kaiji,INTEGER,0,,4
NL_JC,Nichiji,INTEGER,0,,5
NL_JC,RaceNum,INTEGER,0,,6
NL_JC,HappyoTime,TEXT,0,,0
NL_JC,Umaban,INTEGER,0,,7
NL_JC,Bamei,TEXT,0,,0
NL_JC,AtoFutan,REAL,0,,0
NL_JC,AtoKisyuCode,TEXT,0,,0
NL_JC,AtoKisyuName,TEXT,0,,0
NL_JC,AtoMinaraiCD,TEXT,0,,0
NL_JC,MaeFutan,REAL,0,,0
NL_JC,MaeKisyuCode,TEXT,0,,0
NL_JC,MaeKisyuName,TEXT,0,,0
NL_JC,MaeMinaraiCD,TEXT,0,,0
NL_JG,RecordSpec,TEXT,0,,0
NL_JG,DataKubun,TEXT,0,,0
NL_JG,MakeDate,TEXT,0,,0
NL_JG,Year,INTEGER,0,,1
NL_JG,MonthDay,INTEGER,0,,2
NL_JG,JyoCD,TEXT,0,,3
NL_JG,Kaiji,INTEGER,0,,4
NL_JG,Nichiji,INTEGER,0,,5
NL_JG,RaceNum,INTEGER,0,,6
NL_JG,KettoNum,TEXT,0,,7
NL_JG,Bamei,TEXT,0,,0
NL_JG,Num,TEXT,0,,0
NL_JG,SyussoKubun,TEXT,0,,0
NL_JG,JyogaiStateKubun,TEXT,0,,0
NL_JG,RecordDelimiter,TEXT,0,,0
NL_KS,RecordSpec,TEXT,0,,0
NL_KS,DataKubun,TEXT,0,,0
NL_KS,MakeDate,TEXT,0,,0
NL_KS,KisyuCode,TEXT,0,,1
NL_KS,DelKubun,TEXT,0,,0
NL_KS,IssueDate,TEXT,0,,0
NL_KS,DelDate,TEXT,0,,0
NL_KS,BirthDate,TEXT,0,,0
NL_KS,KisyuName,TEXT,0,,0
NL_KS,reserved,TEXT,0,,0
NL_KS,KisyuNameKana,TEXT,0,,0
NL_KS,KisyuRyakusyo,TEXT,0,,0
NL_KS,KisyuNameEng,TEXT,0,,0
NL_KS,SexCD,TEXT,0,,0
NL_KS,SikakuCD,TEXT,0,,0
NL_KS,MinaraiCD,TEXT,0,,0
NL_KS,TozaiCD,TEXT,0,,0
NL_KS,Syotai,TEXT,0,,0
NL_KS,ChokyosiCode,TEXT,0,,0
NL_KS,ChokyosiRyakusyo,TEXT,0,,0
NL_KS,HatuKiJyo1Hatukijyoid,TEXT,0,,0
NL_KS,HatuKiJyo1SyussoTosu,INTEGER,0,,0
NL_KS,HatuKiJyo1KettoNum,TEXT,0,,0
NL_KS,HatuKiJyo1Bamei,TEXT,0,,0
NL_KS,HatuKiJyo1KakuteiJyuni,INTEGER,0,,0
NL_KS,HatuKiJyo1IJyoCD,TEXT,0,,0
NL_KS,HatuKiJyo2Hatukijyoid,TEXT,0,,0
NL_KS,HatuKiJyo2SyussoTosu,INTEGER,0,,0
NL_KS,HatuKiJyo2KettoNum,TEXT,0,,0
NL_KS,HatuKiJyo2Bamei,TEXT,0,,0
NL_KS,HatuKiJyo2KakuteiJyuni,INTEGER,0,,0
NL_KS,HatuKiJyo2IJyoCD,TEXT,0,,0
NL_KS,HatuSyori1Hatusyoriid,TEXT,0,,0
NL_KS,HatuSyori1SyussoTosu,INTEGER,0,,0
NL_KS,HatuSyori1KettoNum,TEXT,0,,0
NL_KS,HatuSyori1Bamei,TEXT,0,,0
NL_KS,HatuSyori2Hatusyoriid,TEXT,0,,0
NL_KS,HatuSyori2SyussoTosu,INTEGER,0,,0
NL_KS,HatuSyori2KettoNum,TEXT,0,,0
NL_KS,HatuSyori2Bamei,TEXT,0,,0
NL_KS,SaikinJyusyo1SaikinJyusyoid,TEXT,0,,0
NL_KS,SaikinJyusyo1Hondai,TEXT,0,,0
NL_KS,SaikinJyusyo1Ryakusyo10,TEXT,0,,0
NL_KS,SaikinJyusyo1Ryakusyo6,TEXT,0,,0
NL_KS,SaikinJyusyo1Ryakusyo3,TEXT,0,,0
NL_KS,SaikinJyusyo1GradeCD,TEXT,0,,0
NL_KS,SaikinJyusyo1SyussoTosu,INTEGER,0,,0
NL_KS,SaikinJyusyo1KettoNum,TEXT,0,,0
NL_KS,SaikinJyusyo1Bamei,TEXT,0,,0
NL_KS,SaikinJyusyo2SaikinJyusyoid,TEXT,0,,0
NL_KS,SaikinJyusyo2Hondai,TEXT,0,,0
NL_KS,SaikinJyusyo2Ryakusyo10,TEXT,0,,0
NL_KS,SaikinJyusyo2Ryakusyo6,TEXT,0,,0
NL_KS,SaikinJyusyo2Ryakusyo3,TEXT,0,,0
NL_KS,SaikinJyusyo2GradeCD,TEXT,0,,0
NL_KS,SaikinJyusyo2SyussoTosu,INTEGER,0,,0
NL_KS,SaikinJyusyo2KettoNum,TEXT,0,,0
NL_KS,SaikinJyusyo2Bamei,TEXT,0,,0
NL_KS,SaikinJyusyo3SaikinJyusyoid,TEXT,0,,0
NL_KS,SaikinJyusyo3Hondai,TEXT,0,,0
NL_KS,SaikinJyusyo3Ryakusyo10,TEXT,0,,0
NL_KS,SaikinJyusyo3Ryakusyo6,TEXT,0,,0
NL_KS,SaikinJyusyo3Ryakusyo3,TEXT,0,,0
NL_KS,SaikinJyusyo3GradeCD,TEXT,0,,0
NL_KS,SaikinJyusyo3SyussoTosu,INTEGER,0,,0
NL_KS,SaikinJyusyo3KettoNum,TEXT,0,,0
NL_KS,SaikinJyusyo3Bamei,TEXT,0,,0
NL_KS,crlf,TEXT,0,,0
NL_NC,RecordSpec,TEXT,0,,0
NL_NC,DataKubun,TEXT,0,,0
NL_NC,MakeDate,TEXT,0,,0
NL_NC,JyoCD,TEXT,0,,1
NL_NC,JyoName,TEXT,0,,0
NL_NC,JyoName_Ryaku,TEXT,0,,0
NL_NC,JyoName_Eng,TEXT,0,,0
NL_NC,Address,TEXT,0,,0
NL_NC,TelNum,TEXT,0,,0
NL_NC,RecordDelimiter,TEXT,0,,0
NL_NU,RecordSpec,TEXT,0,,0
NL_NU,UmaID,TEXT,0,,1
NL_NU,TorokuNum,TEXT,0,,0
NL_NU,Reserved,TEXT,0,,0
NL_NU,BirthDate,TEXT,0,,0
NL_NU,Bamei,TEXT,0,,0
NL_O1,RecordSpec,TEXT,0,,0
NL_O1,DataKubun,TEXT,0,,0
NL_O1,MakeDate,TEXT,0,,0
NL_O1,Year,INTEGER,0,,1
NL_O1,MonthDay,INTEGER,0,,2
NL_O1,JyoCD,TEXT,0,,3
NL_O1,Kaiji,INTEGER,0,,4
NL_O1,Nichiji,INTEGER,0,,5
NL_O1,RaceNum,INTEGER,0,,6
NL_O1,HassoTime,TEXT,0,,0
NL_O1,TorokuTosu,INTEGER,0,,0
NL_O1,SyussoTosu,INTEGER,0,,0
NL_O1,TanFlag,TEXT,0,,0
NL_O1,FukuFlag,TEXT,0,,0
NL_O1,WakurenFlag,TEXT,0,,0
NL_O1,FukuChakubaraiKey,TEXT,0,,0
NL_O1,Umaban,INTEGER,0,,7
NL_O1,TanOdds,REAL,0,,0
NL_O1,TanNinki,INTEGER,0,,0
NL_O1,FukuUmaban,INTEGER,0,,0
NL_O1,FukuOddsLow,REAL,0,,0
NL_O1,FukuOddsHigh,REAL,0,,0
NL_O1,FukuNinki,INTEGER,0,,0
NL_O1,Kumi,TEXT,0,,0
NL_O1,WakurenOdds,REAL,0,,0
NL_O1,WakurenNinki,INTEGER,0,,0
NL_O1,TanVote,BIGINT,0,,0
NL_O1,FukuVote,BIGINT,0,,0
NL_O1,WakurenVote,BIGINT,0,,0
NL_O2,RecordSpec,TEXT,0,,0
NL_O2,DataKubun,TEXT,0,,0
NL_O2,MakeDate,TEXT,0,,0
NL_O2,Year,INTEGER,0,,1
NL_O2,MonthDay,INTEGER,0,,2
NL_O2,JyoCD,TEXT,0,,3
NL_O2,Kaiji,INTEGER,0,,4
NL_O2,Nichiji,INTEGER,0,,5
NL_O2,RaceNum,INTEGER,0,,6
NL_O2,HassoTime,TEXT,0,,0
NL_O2,TorokuTosu,INTEGER,0,,0
NL_O2,SyussoTosu,INTEGER,0,,0
NL_O2,UmarenFlag,TEXT,0,,0
NL_O2,Kumi,TEXT,0,,7
NL_O2,Odds,REAL,0,,0
NL_O2,Ninki,INTEGER,0,,0
NL_O2,Vote,BIGINT,0,,0
NL_O3,RecordSpec,TEXT,0,,0
NL_O3,DataKubun,TEXT,0,,0
NL_O3,MakeDate,TEXT,0,,0
NL_O3,Year,INTEGER,0,,1
NL_O3,MonthDay,INTEGER,0,,2
NL_O3,JyoCD,TEXT,0,,3
NL_O3,Kaiji,INTEGER,0,,4
NL_O3,Nichiji,INTEGER,0,,5
NL_O3,RaceNum,INTEGER,0,,6
NL_O3,HassoTime,TEXT,0,,0
NL_O3,TorokuTosu,INTEGER,0,,0
NL_O3,SyussoTosu,INTEGER,0,,0
NL_O3,WideFlag,TEXT,0,,0
NL_O3,Kumi,TEXT,0,,7
NL_O3,OddsLow,REAL,0,,0
NL_O3,OddsHigh,REAL,0,,0
NL_O3,Ninki,INTEGER,0,,0
NL_O3,Vote,BIGINT,0,,0
NL_O4,RecordSpec,TEXT,0,,0
NL_O4,DataKubun,TEXT,0,,0
NL_O4,MakeDate,TEXT,0,,0
NL_O4,Year,INTEGER,0,,1
NL_O4,MonthDay,INTEGER,0,,2
NL_O4,JyoCD,TEXT,0,,3
NL_O4,Kaiji,INTEGER,0,,4
NL_O4,Nichiji,INTEGER,0,,5
NL_O4,RaceNum,INTEGER,0,,6
NL_O4,HassoTime,TEXT,0,,0
NL_O4,TorokuTosu,INTEGER,0,,0
NL_O4,SyussoTosu,INTEGER,0,,0
NL_O4,UmatanFlag,TEXT,0,,0
NL_O4,Kumi,TEXT,0,,7
NL_O4,Odds,REAL,0,,0
NL_O4,Ninki,INTEGER,0,,0
NL_O4,Vote,BIGINT,0,,0
NL_O5,RecordSpec,TEXT,0,,0
NL_O5,DataKubun,TEXT,0,,0
NL_O5,MakeDate,TEXT,0,,0
NL_O5,Year,INTEGER,0,,1
NL_O5,MonthDay,INTEGER,0,,2
NL_O5,JyoCD,TEXT,0,,3
NL_O5,Kaiji,INTEGER,0,,4
NL_O5,Nichiji,INTEGER,0,,5
NL_O5,RaceNum,INTEGER,0,,6
NL_O5,HassoTime,TEXT,0,,0
NL_O5,TorokuTosu,INTEGER,0,,0
NL_O5,SyussoTosu,INTEGER,0,,0
NL_O5,SanrenpukuFlag,TEXT,0,,0
NL_O5,Kumi,TEXT,0,,7
NL_O5,Odds,REAL,0,,0
NL_O5,Ninki,INTEGER,0,,0
NL_O5,Vote,BIGINT,0,,0
NL_O6,RecordSpec,TEXT,0,,0
NL_O6,DataKubun,TEXT,0,,0
NL_O6,MakeDate,TEXT,0,,0
NL_O6,Year,INTEGER,0,,1
NL_O6,MonthDay,INTEGER,0,,2
NL_O6,JyoCD,TEXT,0,,3
NL_O6,Kaiji,INTEGER,0,,4
NL_O6,Nichiji,INTEGER,0,,5
NL_O6,RaceNum,INTEGER,0,,6
NL_O6,HassoTime,TEXT,0,,0
NL_O6,TorokuTosu,INTEGER,0,,0
NL_O6,SyussoTosu,INTEGER,0,,0
NL_O6,SanrentanFlag,TEXT,0,,0
NL_O6,Kumi,TEXT,0,,7
NL_O6,Odds,REAL,0,,0
NL_O6,Ninki,INTEGER,0,,0
NL_O6,Vote,BIGINT,0,,0
NL_OA,RecordSpec,TEXT,0,,0
NL_OA,DataKubun,TEXT,0,,0
NL_OA,MakeDate,TEXT,0,,0
NL_OA,KaisaiDate,TEXT,0,,1
NL_OA,JyoCD,TEXT,0,,2
NL_OA,Kaiji,TEXT,0,,3
NL_OA,Nichiji,TEXT,0,,4
NL_OA,RaceNum,TEXT,0,,5
NL_OA,OddsType,TEXT,0,,6
NL_OA,Kumi,TEXT,0,,7
NL_OA,Odds,REAL,0,,0
NL_OA,Ninki,INTEGER,0,,0
NL_RA,RecordSpec,TEXT,0,,0
NL_RA,DataKubun,TEXT,0,,0
NL_RA,MakeDate,TEXT,0,,0
NL_RA,Year,INTEGER,0,,1
NL_RA,MonthDay,INTEGER,0,,2
NL_RA,JyoCD,TEXT,0,,3
NL_RA,Kaiji,INTEGER,0,,4
NL_RA,Nichiji,INTEGER,0,,5
NL_RA,RaceNum,INTEGER,0,,6
NL_RA,YoubiCD,TEXT,0,,0
NL_RA,TokuNum,TEXT,0,,0
NL_RA,Hondai,TEXT,0,,0
NL_RA,Fukudai,TEXT,0,,0
NL_RA,Kakko,TEXT,0,,0
NL_RA,HondaiEng,TEXT,0,,0
NL_RA,FukudaiEng,TEXT,0,,0
NL_RA,KakkoEng,TEXT,0,,0
NL_RA,Ryakusyo10,TEXT,0,,0
NL_RA,Ryakusyo6,TEXT,0,,0
NL_RA,Ryakusyo3,TEXT,0,,0
NL_RA,Kubun,TEXT,0,,0
NL_RA,Nkai,TEXT,0,,0
NL_RA,GradeCD,TEXT,0,,0
NL_RA,GradeCDBefore,TEXT,0,,0
NL_RA,SyubetuCD,TEXT,0,,0
NL_RA,KigoCD,TEXT,0,,0
NL_RA,JyuryoCD,TEXT,0,,0
NL_RA,JyokenCD1,TEXT,0,,0
NL_RA,JyokenCD2,TEXT,0,,0
NL_RA,JyokenCD3,TEXT,0,,0
NL_RA,JyokenCD4,TEXT,0,,0
NL_RA,JyokenCD5,TEXT,0,,0
NL_RA,JyokenName,TEXT,0,,0
NL_RA,Kyori,INTEGER,0,,0
NL_RA,KyoriBefore,INTEGER,0,,0
NL_RA,TrackCD,TEXT,0,,0
NL_RA,TrackCDBefore,TEXT,0,,0
NL_RA,CourseKubunCD,TEXT,0,,0
NL_RA,CourseKubunCDBefore,TEXT,0,,0
NL_RA,Honsyokin1,REAL,0,,0
NL_RA,Honsyokin2,REAL,0,,0
NL_RA,Honsyokin3,REAL,0,,0
NL_RA,Honsyokin4,REAL,0,,0
NL_RA,HassoTime,TEXT,0,,0
NL_RA,HassoTimeBefore,TEXT,0,,0
NL_RA,TorokuTosu,INTEGER,0,,0
NL_RA,SyussoTosu,INTEGER,0,,0
NL_RA,NyusenTosu,INTEGER,0,,0
NL_RA,TenkoCD,TEXT,0,,0
NL_RA,SibaBabaCD,TEXT,0,,0
NL_RA,DirtBabaCD,TEXT,0,,0
NL_RA,LapTime,TEXT,0,,0
NL_RA,SyogaiMileTime,TEXT,0,,0
NL_RA,Haron3F,REAL,0,,0
NL_RA,Haron4F,REAL,0,,0
NL_RA,Haron3L,REAL,0,,0
NL_RA,Haron4L,REAL,0,,0
NL_RA,Corner,TEXT,0,,0
NL_RA,Syukaisu,INTEGER,0,,0
NL_RA,TsukaJyuni,TEXT,0,,0
NL_RA,RecordUpKubun,TEXT,0,,0
NL_RA,Crlf,TEXT,0,,0
NL_RC,RecordSpec,TEXT,0,,0
NL_RC,DataKubun,TEXT,0,,0
NL_RC,MakeDate,TEXT,0,,0
NL_RC,RecInfoKubun,TEXT,0,,7
NL_RC,Year,INTEGER,0,,1
NL_RC,MonthDay,INTEGER,0,,2
NL_RC,JyoCD,TEXT,0,,3
NL_RC,Kaiji,INTEGER,0,,4
NL_RC,Nichiji,INTEGER,0,,5
NL_RC,RaceNum,INTEGER,0,,6
NL_RC,TokuNum,TEXT,0,,0
NL_RC,Hondai,TEXT,0,,0
NL_RC,GradeCD,TEXT,0,,0
NL_RC,SyubetuCD_TrackCD,TEXT,0,,0
NL_RC,Kyori,INTEGER,0,,0
NL_RC,RecKubun,TEXT,0,,0
NL_RC,RecTime,REAL,0,,0
NL_RC,TenkoCD,TEXT,0,,0
NL_RC,SibaBabaCD,TEXT,0,,0
NL_RC,DirtBabaCD,TEXT,0,,0
NL_RC,RecUmaKettoNum1,TEXT,0,,0
NL_RC,RecUmaBamei1,TEXT,0,,0
NL_RC,RecUmaUmaKigoCD1,TEXT,0,,0
NL_RC,RecUmaSexCD1,TEXT,0,,0
NL_RC,RecUmaChokyosiCode1,TEXT,0,,0
NL_RC,RecUmaChokyosiName1,TEXT,0,,0
NL_RC,RecUmaFutan1,REAL,0,,0
NL_RC,RecUmaKisyuCode1,TEXT,0,,0
NL_RC,RecUmaKisyuName1,TEXT,0,,0
NL_RC,RecUmaKettoNum2,TEXT,0,,0
NL_RC,RecUmaBamei2,TEXT,0,,0
NL_RC,RecordDelimiter,TEXT,0,,0
NL_SE,RecordSpec,TEXT,0,,0
NL_SE,DataKubun,TEXT,0,,0
NL_SE,MakeDate,TEXT,0,,0
NL_SE,Year,INTEGER,0,,1
NL_SE,MonthDay,INTEGER,0,,2
NL_SE,JyoCD,TEXT,0,,3
NL_SE,Kaiji,INTEGER,0,,4
NL_SE,Nichiji,INTEGER,0,,5
NL_SE,RaceNum,INTEGER,0,,6
NL_SE,Wakuban,INTEGER,0,,0
NL_SE,Umaban,INTEGER,0,,7
NL_SE,KettoNum,TEXT,0,,0
NL_SE,Bamei,TEXT,0,,0
NL_SE,UmaKigoCD,TEXT,0,,0
NL_SE,SexCD,TEXT,0,,0
NL_SE,HinsyuCD,TEXT,0,,0
NL_SE,KeiroCD,TEXT,0,,0
NL_SE,Barei,INTEGER,0,,0
NL_SE,TozaiCD,TEXT,0,,0
NL_SE,ChokyosiCode,TEXT,0,,0
NL_SE,ChokyosiRyakusyo,TEXT,0,,0
NL_SE,BanusiCode,TEXT,0,,0
NL_SE,BanusiName,TEXT,0,,0
NL_SE,Fukusyoku,TEXT,0,,0
NL_SE,Reserved_229,TEXT,0,,0
NL_SE,Futan,REAL,0,,0
NL_SE,FutanBefore,REAL,0,,0
NL_SE,Blinker,TEXT,0,,0
NL_SE,Reserved_296,TEXT,0,,0
NL_SE,KisyuCode,TEXT,0,,0
NL_SE,KisyuCodeBefore,TEXT,0,,0
NL_SE,KisyuRyakusyo,TEXT,0,,0
NL_SE,KisyuRyakusyoBefore,TEXT,0,,0
NL_SE,MinaraiCD,TEXT,0,,0
NL_SE,MinaraiCDBefore,TEXT,0,,0
NL_SE,BaTaijyu,REAL,0,,0
NL_SE,ZogenFugo,TEXT,0,,0
NL_SE,ZogenSa,REAL,0,,0
NL_SE,IJyoCD,TEXT,0,,0
NL_SE,NyusenJyuni,INTEGER,0,,0
NL_SE,KakuteiJyuni,INTEGER,0,,0
NL_SE,DochakuKubun,TEXT,0,,0
NL_SE,DochakuTosu,INTEGER,0,,0
NL_SE,Time,REAL,0,,0
NL_SE,ChakusaCD,TEXT,0,,0
NL_SE,ChakusaCDP,TEXT,0,,0
NL_SE,ChakusaCDPP,TEXT,0,,0
NL_SE,Jyuni1c,INTEGER,0,,0
NL_SE,Jyuni2c,INTEGER,0,,0
NL_SE,Jyuni3c,INTEGER,0,,0
NL_SE,Jyuni4c,INTEGER,0,,0
NL_SE,Odds,REAL,0,,0
NL_SE,Ninki,INTEGER,0,,0
NL_SE,Honsyokin,REAL,0,,0
NL_SE,Fukasyokin,REAL,0,,0
NL_SE,Reserved_382,TEXT,0,,0
NL_SE,Reserved_385,TEXT,0,,0
NL_SE,HaronTimeL4,REAL,0,,0
NL_SE,HaronTimeL3,REAL,0,,0
NL_SE,KettoNum1,TEXT,0,,0
NL_SE,Bamei1,TEXT,0,,0
NL_SE,TimeDiff,REAL,0,,0
NL_SE,RecordUpKubun,TEXT,0,,0
NL_SE,DMKubun,TEXT,0,,0
NL_SE,DMTime,REAL,0,,0
NL_SE,DMGosaP,REAL,0,,0
NL_SE,DMGosaM,REAL,0,,0
NL_SE,DMJyuni,INTEGER,0,,0
NL_SE,KyakusituKubun,TEXT,0,,0
NL_SE,Reserved_462,TEXT,0,,0
NL_SK,RecordSpec,TEXT,0,,0
NL_SK,DataKubun,TEXT,0,,0
NL_SK,MakeDate,TEXT,0,,0
NL_SK,KettoNum,TEXT,0,,1
NL_SK,BirthDate,TEXT,0,,0
NL_SK,SexCD,TEXT,0,,0
NL_SK,HinsyuCD,TEXT,0,,0
NL_SK,KeiroCD,TEXT,0,,0
NL_SK,SankuMochiKubun,TEXT,0,,0
NL_SK,ImportYear,INTEGER,0,,0
NL_SK,BreederCode,TEXT,0,,0
NL_SK,SanchiName,TEXT,0,,0
NL_SK,FNum,TEXT,0,,0
NL_SK,RecordDelimiter,TEXT,0,,0
NL_TC,RecordSpec,TEXT,0,,0
NL_TC,DataKubun,TEXT,0,,0
NL_TC,MakeDate,TEXT,0,,0
NL_TC,Year,INTEGER,0,,1
NL_TC,MonthDay,INTEGER,0,,2
NL_TC,JyoCD,TEXT,0,,3
NL_TC,Kaiji,INTEGER,0,,4
NL_TC,Nichiji,INTEGER,0,,5
NL_TC,RaceNum,INTEGER,0,,6
NL_TC,HappyoTime,TEXT,0,,0
NL_TC,AtoJi,TEXT,0,,0
NL_TC,AtoFun,TEXT,0,,0
NL_TC,MaeJi,TEXT,0,,0
NL_TC,MaeFun,TEXT,0,,0
NL_TK,RecordSpec,TEXT,0,,0
NL_TK,DataKubun,TEXT,0,,0
NL_TK,MakeDate,TEXT,0,,0
NL_TK,Year,INTEGER,0,,1
NL_TK,MonthDay,INTEGER,0,,2
NL_TK,JyoCD,TEXT,0,,3
NL_TK,Kaiji,INTEGER,0,,4
NL_TK,Nichiji,INTEGER,0,,5
NL_TK,RaceNum,INTEGER,0,,6
NL_TK,YoubiCD,TEXT,0,,0
NL_TK,TokuNum,TEXT,0,,0
NL_TK,Hondai,TEXT,0,,0
NL_TK,Fukudai,TEXT,0,,0
NL_TK,Kakko,TEXT,0,,0
NL_TK,HondaiEng,TEXT,0,,0
NL_TK,FukudaiEng,TEXT,0,,0
NL_TK,KakkoEng,TEXT,0,,0
NL_TK,RaceRyakusyo10,TEXT,0,,0
NL_TK,RaceRyakusyo6,TEXT,0,,0
NL_TK,RaceRyakusyo3,TEXT,0,,0
NL_TK,RaceMeiKubun,TEXT,0,,0
NL_TK,JyusyoKaiji,INTEGER,0,,0
NL_TK,GradeCD,TEXT,0,,0
NL_TK,SyubetuCD,TEXT,0,,0
NL_TK,KigoCD,TEXT,0,,0
NL_TK,JyuryoCD,TEXT,0,,0
NL_TK,JyokenCD2,TEXT,0,,0
NL_TK,JyokenCD3,TEXT,0,,0
NL_TK,JyokenCD4,TEXT,0,,0
NL_TK,JyokenCD5,TEXT,0,,0
NL_TK,JyokenCDYoung,TEXT,0,,0
NL_TK,Kyori,INTEGER,0,,0
NL_TK,TrackCD,TEXT,0,,0
NL_TK,CourseKubun,TEXT,0,,0
NL_TK,HandeHappyoDate,TEXT,0,,0
NL_TK,TorokuTosu,INTEGER,0,,0
NL_TK,RenbanNum,INTEGER,0,,0
NL_TK,KettoNum,TEXT,0,,7
NL_TK,Bamei,TEXT,0,,0
NL_TK,UmaKigoCD,TEXT,0,,0
NL_TK,SexCD,TEXT,0,,0
NL_TK,TozaiCD,TEXT,0,,0
NL_TK,ChokyosiCode,TEXT,0,,0
NL_TK,ChokyosiRyakusyo,TEXT,0,,0
NL_TK,Futan,REAL,0,,0
NL_TK,Koryu,TEXT,0,,0
NL_TK,RecordBreak,TEXT,0,,0
NL_TM,RecordSpec,TEXT,0,,0
NL_TM,DataKubun,TEXT,0,,0
NL_TM,MakeDate,TEXT,0,,0
NL_TM,Year,INTEGER,0,,1
NL_TM,MonthDay,INTEGER,0,,2
NL_TM,JyoCD,TEXT,0,,3
NL_TM,Kaiji,INTEGER,0,,4
NL_TM,Nichiji,INTEGER,0,,5
NL_TM,RaceNum,INTEGER,0,,6
NL_TM,MakeHM,TEXT,0,,0
NL_TM,Umaban,INTEGER,0,,7
NL_TM,TMScore,INTEGER,0,,0
NL_TM,RecordDelimiter,TEXT,0,,0
NL_UM,RecordSpec,TEXT,0,,0
NL_UM,DataKubun,TEXT,0,,0
NL_UM,MakeDate,TEXT,0,,0
NL_UM,KettoNum,TEXT,0,,1
NL_UM,DelKubun,TEXT,0,,0
NL_UM,RegDate,TEXT,0,,0
NL_UM,DelDate,TEXT,0,,0
NL_UM,BirthDate,TEXT,0,,0
NL_UM,Bamei,TEXT,0,,0
NL_UM,BameiKana,TEXT,0,,0
NL_UM,BameiEng,TEXT,0,,0
NL_UM,ZaikyuFlag,INTEGER,0,,0
NL_UM,Reserved,TEXT,0,,0
NL_UM,UmaKigoCD,TEXT,0,,0
NL_UM,SexCD,TEXT,0,,0
NL_UM,HinsyuCD,TEXT,0,,0
NL_UM,KeiroCD,TEXT,0,,0
NL_UM,Ketto3InfoHansyokuNum1,TEXT,0,,0
NL_UM,Ketto3InfoBamei1,TEXT,0,,0
NL_UM,Ketto3InfoHansyokuNum2,TEXT,0,,0
NL_UM,Ketto3InfoBamei2,TEXT,0,,0
NL_UM,Ketto3InfoHansyokuNum3,TEXT,0,,0
NL_UM,Ketto3InfoBamei3,TEXT,0,,0
NL_UM,Ketto3InfoHansyokuNum4,TEXT,0,,0
NL_UM,Ketto3InfoBamei4,TEXT,0,,0
NL_UM,Ketto3InfoHansyokuNum5,TEXT,0,,0
NL_UM,Ketto3InfoBamei5,TEXT,0,,0
NL_UM,Ketto3InfoHansyokuNum6,TEXT,0,,0
NL_UM,Ketto3InfoBamei6,TEXT,0,,0
NL_UM,Ketto3InfoHansyokuNum7,TEXT,0,,0
NL_UM,Ketto3InfoBamei7,TEXT,0,,0
NL_UM,Ketto3InfoHansyokuNum8,TEXT,0,,0
NL_UM,Ketto3InfoBamei8,TEXT,0,,0
NL_UM,Ketto3InfoHansyokuNum9,TEXT,0,,0
NL_UM,Ketto3InfoBamei9,TEXT,0,,0
NL_UM,Ketto3InfoHansyokuNum10,TEXT,0,,0
NL_UM,Ketto3InfoBamei10,TEXT,0,,0
NL_UM,Ketto3InfoHansyokuNum11,TEXT,0,,0
NL_UM,Ketto3InfoBamei11,TEXT,0,,0
NL_UM,Ketto3InfoHansyokuNum12,TEXT,0,,0
NL_UM,Ketto3InfoBamei12,TEXT,0,,0
NL_UM,Ketto3InfoHansyokuNum13,TEXT,0,,0
NL_UM,Ketto3InfoBamei13,TEXT,0,,0
NL_UM,Ketto3InfoHansyokuNum14,TEXT,0,,0
NL_UM,Ketto3InfoBamei14,TEXT,0,,0
NL_UM,TozaiCD,TEXT,0,,0
NL_UM,ChokyosiCode,TEXT,0,,0
NL_UM,ChokyosiRyakusyo,TEXT,0,,0
NL_UM,Syotai,TEXT,0,,0
NL_UM,BreederCode,TEXT,0,,0
NL_UM,BreederName,TEXT,0,,0
NL_UM,SanchiName,TEXT,0,,0
NL_UM,BanusiCode,TEXT,0,,0
NL_UM,BanusiName,TEXT,0,,0
NL_UM,RuikeiHonsyoHeiti,REAL,0,,0
NL_UM,RuikeiHonsyoSyogai,REAL,0,,0
NL_UM,RuikeiFukaHeichi,REAL,0,,0
NL_UM,RuikeiFukaSyogai,REAL,0,,0
NL_UM,RuikeiSyutokuHeichi,REAL,0,,0
NL_UM,RuikeiSyutokuSyogai,REAL,0,,0
NL_UM,Reserved_1107,TEXT,0,,0
NL_WC,RecordSpec,TEXT,0,,0
NL_WC,DataKubun,TEXT,0,,0
NL_WC,MakeDate,TEXT,0,,0
NL_WC,TresenKubun,TEXT,0,,0
NL_WC,ChokyoDate,TEXT,0,,1
NL_WC,ChokyoTime,TEXT,0,,2
NL_WC,KettoNum,TEXT,0,,3
NL_WC,Course,TEXT,0,,4
NL_WC,BabaMawari,TEXT,0,,0
NL_WC,reserved,TEXT,0,,0
NL_WC,HaronTime10Total,REAL,0,,0
NL_WC,LapTime_2000M_1800M,REAL,0,,0
NL_WC,HaronTime9Total,REAL,0,,0
NL_WC,LapTime_1800M_1600M,REAL,0,,0
NL_WC,HaronTime8Total,REAL,0,,0
NL_WC,LapTime_1600M_1400M,REAL,0,,0
NL_WC,HaronTime7Total,REAL,0,,0
NL_WC,LapTime_1400M_1200M,REAL,0,,0
NL_WC,HaronTime6Total,REAL,0,,0
NL_WC,LapTime_1200M_1000M,REAL,0,,0
NL_WC,HaronTime5Total,REAL,0,,0
NL_WC,LapTime_1000M_800M,REAL,0,,0
NL_WC,HaronTime4Total,REAL,0,,0
NL_WC,LapTime_800M_600M,REAL,0,,0
NL_WC,HaronTime3Total,REAL,0,,0
NL_WC,LapTime_600M_400M,REAL,0,,0
NL_WC,HaronTime2Total,REAL,0,,0
NL_WC,LapTime_400M_200M,REAL,0,,0
NL_WC,LapTime_200M_0M,REAL,0,,0
NL_WC,RecordDelimiter,TEXT,0,,0
NL_WE,RecordSpec,TEXT,0,,0
NL_WE,DataKubun,TEXT,0,,0
NL_WE,MakeDate,TEXT,0,,0
NL_WE,Year,INTEGER,0,,1
NL_WE,MonthDay,INTEGER,0,,2
NL_WE,JyoCD,TEXT,0,,3
NL_WE,Kaiji,INTEGER,0,,4
NL_WE,Nichiji,INTEGER,0,,5
NL_WE,HappyoTime,TEXT,0,,0
NL_WE,HenkoID,TEXT,0,,6
NL_WE,TenkoState,TEXT,0,,0
NL_WE,SibaBabaState,TEXT,0,,0
NL_WE,DirtBabaState,TEXT,0,,0
NL_WE,TenkoState2,TEXT,0,,0
NL_WE,SibaBabaState2,TEXT,0,,0
NL_WE,DirtBabaState2,TEXT,0,,0
NL_WE,RecordDelimiter,TEXT,0,,0
NL_WF,RecordSpec,TEXT,0,,0
NL_WF,DataKubun,TEXT,0,,0
NL_WF,MakeDate,TEXT,0,,0
NL_WF,Year,INTEGER,0,,1
NL_WF,MonthDay,INTEGER,0,,2
NL_WF,Yobi1,TEXT,0,,0
NL_WF,RaceInfo1,TEXT,0,,0
NL_WF,RaceInfo2,TEXT,0,,0
NL_WF,RaceInfo3,TEXT,0,,0
NL_WF,RaceInfo4,TEXT,0,,0
NL_WF,RaceInfo5,TEXT,0,,0
NL_WF,Yobi2,TEXT,0,,0
NL_WF,HatubaiHyosu,BIGINT,0,,0
NL_WF,YukoHyosu,BIGINT,0,,0
NL_WF,HenkanFlag,TEXT,0,,0
NL_WF,FuseirituFlag,TEXT,0,,0
NL_WF,TekichuNasiFlag,TEXT,0,,0
NL_WF,CarryOverStart,BIGINT,0,,0
NL_WF,CarryOverBalance,BIGINT,0,,0
NL_WF,Kumi,TEXT,0,,0
NL_WF,PayJyushosiki,BIGINT,0,,0
NL_WF,TekichuHyosu,BIGINT,0,,0
NL_WF,Yobi3,TEXT,0,,0
NL_WF,RecordDelimiter,TEXT,0,,0
NL_WH,RecordSpec,TEXT,0,,0
NL_WH,DataKubun,TEXT,0,,0
NL_WH,MakeDate,TEXT,0,,0
NL_WH,Year,INTEGER,0,,1
NL_WH,MonthDay,INTEGER,0,,2
NL_WH,JyoCD,TEXT,0,,3
NL_WH,Kaiji,INTEGER,0,,4
NL_WH,Nichiji,INTEGER,0,,5
NL_WH,HappyoTime,TEXT,0,,6
NL_WH,HenkoID,TEXT,0,,7
NL_WH,AtoTenkoCD,TEXT,0,,0
NL_WH,AtoSibaBabaCD,TEXT,0,,0
NL_WH,AtoDirtBabaCD,TEXT,0,,0
NL_WH,MaeTenkoCD,TEXT,0,,0
NL_WH,MaeSibaBabaCD,TEXT,0,,0
NL_WH,MaeDirtBabaCD,TEXT,0,,0
NL_YS,RecordSpec,TEXT,0,,0
NL_YS,DataKubun,TEXT,0,,0
NL_YS,MakeDate,TEXT,0,,0
NL_YS,Year,INTEGER,0,,1
NL_YS,MonthDay,INTEGER,0,,2
NL_YS,JyoCD,TEXT,0,,3
NL_YS,Kaiji,INTEGER,0,,4
NL_YS,Nichiji,INTEGER,0,,5
NL_YS,YoubiCD,TEXT,0,,0
NL_YS,Jyusyo1TokuNum,INTEGER,0,,0
NL_YS,Jyusyo1Hondai,TEXT,0,,0
NL_YS,Jyusyo1Ryakusyo10,TEXT,0,,0
NL_YS,Jyusyo1Ryakusyo6,TEXT,0,,0
NL_YS,Jyusyo1Ryakusyo3,TEXT,0,,0
NL_YS,Jyusyo1Nkai,INTEGER,0,,0
NL_YS,Jyusyo1GradeCD,TEXT,0,,0
NL_YS,Jyusyo1SyubetuCD,TEXT,0,,0
NL_YS,Jyusyo1KigoCD,TEXT,0,,0
NL_YS,Jyusyo1JyuryoCD,TEXT,0,,0
NL_YS,Jyusyo1Kyori,INTEGER,0,,0
NL_YS,Jyusyo1TrackCD,TEXT,0,,0
NL_YS,RecordDelimiter,TEXT,0,,0
RT_AV,RecordSpec,TEXT,0,,0
RT_AV,DataKubun,TEXT,0,,0
RT_AV,KettoNum,TEXT,0,,1
RT_AV,SaleHostName,TEXT,0,,2
RT_AV,SaleName,TEXT,0,,3
RT_AV,Price,BIGINT,0,,0
RT_AV,RecordDelimiter,TEXT,0,,0
RT_CC,RecordSpec,TEXT,0,,0
RT_CC,DataKubun,TEXT,0,,0
RT_CC,MakeDate,TEXT,0,,0
RT_CC,Year,INTEGER,0,,1
RT_CC,MonthDay,INTEGER,0,,2
RT_CC,JyoCD,TEXT,0,,3
RT_CC,Kaiji,INTEGER,0,,4
RT_CC,Nichiji,INTEGER,0,,5
RT_CC,RaceNum,INTEGER,0,,6
RT_CC,HappyoTime,TEXT,0,,0
RT_CC,AtoKyori,INTEGER,0,,0
RT_CC,AtoTruckCD,TEXT,0,,0
RT_CC,MaeKyori,INTEGER,0,,0
RT_CC,MaeTruckCD,TEXT,0,,0
RT_CC,JiyuCD,TEXT,0,,0
RT_DM,RecordSpec,TEXT,0,,0
RT_DM,DataKubun,TEXT,0,,0
RT_DM,MakeDate,TEXT,0,,0
RT_DM,Year,INTEGER,0,,1
RT_DM,MonthDay,INTEGER,0,,2
RT_DM,JyoCD,TEXT,0,,3
RT_DM,Kaiji,INTEGER,0,,4
RT_DM,Nichiji,INTEGER,0,,5
RT_DM,RaceNum,INTEGER,0,,6
RT_DM,MakeHM,TEXT,0,,0
RT_DM,Umaban,INTEGER,0,,7
RT_DM,DMTime,TEXT,0,,0
RT_DM,DMGosaP,TEXT,0,,0
RT_DM,DMGosaM,TEXT,0,,0
RT_DM,RecordDelimiter,TEXT,0,,0
RT_H1,RecordSpec,TEXT,0,,0
RT_H1,DataKubun,TEXT,0,,0
RT_H1,MakeDate,TEXT,0,,0
RT_H1,Year,INTEGER,0,,1
RT_H1,MonthDay,INTEGER,0,,2
RT_H1,JyoCD,TEXT,0,,3
RT_H1,Kaiji,INTEGER,0,,4
RT_H1,Nichiji,INTEGER,0,,5
RT_H1,RaceNum,INTEGER,0,,6
RT_H1,TorokuTosu,INTEGER,0,,0
RT_H1,SyussoTosu,INTEGER,0,,0
RT_H1,HatubaiFlag1,TEXT,0,,0
RT_H1,HatubaiFlag2,TEXT,0,,0
RT_H1,HatubaiFlag3,TEXT,0,,0
RT_H1,HatubaiFlag4,TEXT,0,,0
RT_H1,HatubaiFlag5,TEXT,0,,0
RT_H1,HatubaiFlag6,TEXT,0,,0
RT_H1,HatubaiFlag7,TEXT,0,,0
RT_H1,FukuChakuBaraiKey,TEXT,0,,0
RT_H1,HenkanUma,TEXT,0,,0
RT_H1,HenkanWaku,TEXT,0,,0
RT_H1,HenkanDoWaku,TEXT,0,,0
RT_H1,BetType,TEXT,0,,7
RT_H1,Kumi,TEXT,0,,8
RT_H1,Hyo,BIGINT,0,,0
RT_H1,Ninki,INTEGER,0,,0
RT_H1,TanHyoTotal,BIGINT,0,,0
RT_H1,FukuHyoTotal,BIGINT,0,,0
RT_H1,WakuHyoTotal,BIGINT,0,,0
RT_H1,UmarenHyoTotal,BIGINT,0,,0
RT_H1,WideHyoTotal,BIGINT,0,,0
RT_H1,UmatanHyoTotal,BIGINT,0,,0
RT_H1,SanrenfukuHyoTotal,BIGINT,0,,0
RT_H1,TanHenkanHyoTotal,BIGINT,0,,0
RT_H1,FukuHenkanHyoTotal,BIGINT,0,,0
RT_H1,WakuHenkanHyoTotal,BIGINT,0,,0
RT_H1,UmarenHenkanHyoTotal,BIGINT,0,,0
RT_H1,WideHenkanHyoTotal,BIGINT,0,,0
RT_H1,UmatanHenkanHyoTotal,BIGINT,0,,0
RT_H1,SanrenfukuHenkanHyoTotal,BIGINT,0,,0
RT_H6,RecordSpec,TEXT,0,,0
RT_H6,DataKubun,TEXT,0,,0
RT_H6,MakeDate,TEXT,0,,0
RT_H6,Year,INTEGER,0,,1
RT_H6,MonthDay,INTEGER,0,,2
RT_H6,JyoCD,TEXT,0,,3
RT_H6,Kaiji,INTEGER,0,,4
RT_H6,Nichiji,INTEGER,0,,5
RT_H6,RaceNum,INTEGER,0,,6
RT_H6,TorokuTosu,INTEGER,0,,0
RT_H6,SyussoTosu,INTEGER,0,,0
RT_H6,HatubaiFlag,TEXT,0,,0
RT_H6,HenkanUma,TEXT,0,,0
RT_H6,SanrentanKumi,TEXT,0,,7
RT_H6,SanrentanHyo,BIGINT,0,,0
RT_H6,SanrentanNinki,INTEGER,0,,0
RT_H6,SanrentanHyoTotal,BIGINT,0,,0
RT_H6,SanrentanHenkanHyoTotal,BIGINT,0,,0
RT_H6,RecordDelimiter,TEXT,0,,0
RT_HR,RecordSpec,TEXT,0,,0
RT_HR,DataKubun,TEXT,0,,0
RT_HR,MakeDate,TEXT,0,,0
RT_HR,Year,INTEGER,0,,1
RT_HR,MonthDay,INTEGER,0,,2
RT_HR,JyoCD,TEXT,0,,3
RT_HR,Kaiji,INTEGER,0,,4
RT_HR,Nichiji,INTEGER,0,,5
RT_HR,RaceNum,INTEGER,0,,6
RT_HR,TorokuTosu,INTEGER,0,,0
RT_HR,SyussoTosu,INTEGER,0,,0
RT_HR,FuseirituFlag1,INTEGER,0,,0
RT_HR,FuseirituFlag2,INTEGER,0,,0
RT_HR,FuseirituFlag3,INTEGER,0,,0
RT_HR,FuseirituFlag4,INTEGER,0,,0
RT_HR,FuseirituFlag5,INTEGER,0,,0
RT_HR,FuseirituFlag6,INTEGER,0,,0
RT_HR,FuseirituFlag7,INTEGER,0,,0
RT_HR,FuseirituFlag8,INTEGER,0,,0
RT_HR,FuseirituFlag9,INTEGER,0,,0
RT_HR,TokubaraiFlag1,INTEGER,0,,0
RT_HR,TokubaraiFlag2,INTEGER,0,,0
RT_HR,TokubaraiFlag3,INTEGER,0,,0
RT_HR,TokubaraiFlag4,INTEGER,0,,0
RT_HR,TokubaraiFlag5,INTEGER,0,,0
RT_HR,TokubaraiFlag6,INTEGER,0,,0
RT_HR,TokubaraiFlag7,INTEGER,0,,0
RT_HR,TokubaraiFlag8,INTEGER,0,,0
RT_HR,TokubaraiFlag9,INTEGER,0,,0
RT_HR,HenkanFlag1,INTEGER,0,,0
RT_HR,HenkanFlag2,INTEGER,0,,0
RT_HR,HenkanFlag3,INTEGER,0,,0
RT_HR,HenkanFlag4,INTEGER,0,,0
RT_HR,HenkanFlag5,INTEGER,0,,0
RT_HR,HenkanFlag6,INTEGER,0,,0
RT_HR,HenkanFlag7,INTEGER,0,,0
RT_HR,HenkanFlag8,INTEGER,0,,0
RT_HR,HenkanFlag9,INTEGER,0,,0
RT_HR,HenkanUma1,TEXT,0,,0
RT_HR,HenkanUma2,TEXT,0,,0
RT_HR,HenkanUma3,TEXT,0,,0
RT_HR,HenkanUma4,TEXT,0,,0
RT_HR,HenkanUma5,TEXT,0,,0
RT_HR,HenkanUma6,TEXT,0,,0
RT_HR,HenkanUma7,TEXT,0,,0
RT_HR,HenkanUma8,TEXT,0,,0
RT_HR,HenkanUma9,TEXT,0,,0
RT_HR,HenkanUma10,TEXT,0,,0
RT_HR,HenkanUma11,TEXT,0,,0
RT_HR,HenkanUma12,TEXT,0,,0
RT_HR,HenkanUma13,TEXT,0,,0
RT_HR,HenkanUma14,TEXT,0,,0
RT_HR,HenkanUma15,TEXT,0,,0
RT_HR,HenkanUma16,TEXT,0,,0
RT_HR,HenkanUma17,TEXT,0,,0
RT_HR,HenkanUma18,TEXT,0,,0
RT_HR,HenkanUma19,TEXT,0,,0
RT_HR,HenkanUma20,TEXT,0,,0
RT_HR,HenkanUma21,TEXT,0,,0
RT_HR,HenkanUma22,TEXT,0,,0
RT_HR,HenkanUma23,TEXT,0,,0
RT_HR,HenkanUma24,TEXT,0,,0
RT_HR,HenkanUma25,TEXT,0,,0
RT_HR,HenkanUma26,TEXT,0,,0
RT_HR,HenkanUma27,TEXT,0,,0
RT_HR,HenkanUma28,TEXT,0,,0
RT_HR,HenkanWaku1,TEXT,0,,0
RT_HR,HenkanWaku2,TEXT,0,,0
RT_HR,HenkanWaku3,TEXT,0,,0
RT_HR,HenkanWaku4,TEXT,0,,0
RT_HR,HenkanWaku5,TEXT,0,,0
RT_HR,HenkanWaku6,TEXT,0,,0
RT_HR,HenkanWaku7,TEXT,0,,0
RT_HR,HenkanWaku8,TEXT,0,,0
RT_HR,HenkanDoWaku1,TEXT,0,,0
RT_HR,HenkanDoWaku2,TEXT,0,,0
RT_HR,HenkanDoWaku3,TEXT,0,,0
RT_HR,HenkanDoWaku4,TEXT,0,,0
RT_HR,HenkanDoWaku5,TEXT,0,,0
RT_HR,HenkanDoWaku6,TEXT,0,,0
RT_HR,HenkanDoWaku7,TEXT,0,,0
RT_HR,HenkanDoWaku8,TEXT,0,,0
RT_HR,TanUmaban,TEXT,0,,0
RT_HR,TanPay,BIGINT,0,,0
RT_HR,TanNinki,INTEGER,0,,0
RT_HR,FukuUmaban,TEXT,0,,0
RT_HR,FukuPay,BIGINT,0,,0
RT_HR,FukuNinki,INTEGER,0,,0
RT_HR,WakuKumi,TEXT,0,,0
RT_HR,WakuPay,BIGINT,0,,0
RT_HR,WakuNinki,INTEGER,0,,0
RT_HR,UmarenKumi,TEXT,0,,0
RT_HR,UmarenPay,BIGINT,0,,0
RT_HR,UmarenNinki,INTEGER,0,,0
RT_HR,WideKumi,TEXT,0,,0
RT_HR,WidePay,BIGINT,0,,0
RT_HR,WideNinki,INTEGER,0,,0
RT_HR,Yobi1,TEXT,0,,0
RT_HR,Yobi2,TEXT,0,,0
RT_HR,Yobi3,TEXT,0,,0
RT_HR,UmatanKumi,TEXT,0,,0
RT_HR,UmatanPay,BIGINT,0,,0
RT_HR,UmatanNinki,INTEGER,0,,0
RT_HR,SanrenfukuKumi,TEXT,0,,0
RT_HR,SanrenfukuPay,BIGINT,0,,0
RT_HR,SanrenfukuNinki,INTEGER,0,,0
RT_HR,SanrentanKumi,TEXT,0,,0
RT_HR,SanrentanPay,BIGINT,0,,0
RT_HR,SanrentanNinki,INTEGER,0,,0
RT_HR,RecordDelimiter,TEXT,0,,0
RT_JC,RecordSpec,TEXT,0,,0
RT_JC,DataKubun,TEXT,0,,0
RT_JC,MakeDate,TEXT,0,,0
RT_JC,Year,INTEGER,0,,1
RT_JC,MonthDay,INTEGER,0,,2
RT_JC,JyoCD,TEXT,0,,3
RT_JC,Kaiji,INTEGER,0,,4
RT_JC,Nichiji,INTEGER,0,,5
RT_JC,RaceNum,INTEGER,0,,6
RT_JC,HappyoTime,TEXT,0,,0
RT_JC,Umaban,INTEGER,0,,7
RT_JC,Bamei,TEXT,0,,0
RT_JC,AtoFutan,REAL,0,,0
RT_JC,AtoKisyuCode,TEXT,0,,0
RT_JC,AtoKisyuName,TEXT,0,,0
RT_JC,AtoMinaraiCD,TEXT,0,,0
RT_JC,MaeFutan,REAL,0,,0
RT_JC,MaeKisyuCode,TEXT,0,,0
RT_JC,MaeKisyuName,TEXT,0,,0
RT_JC,MaeMinaraiCD,TEXT,0,,0
RT_O1,RecordSpec,TEXT,0,,0
RT_O1,DataKubun,TEXT,0,,0
RT_O1,MakeDate,TEXT,0,,0
RT_O1,Year,INTEGER,0,,1
RT_O1,MonthDay,INTEGER,0,,2
RT_O1,JyoCD,TEXT,0,,3
RT_O1,Kaiji,INTEGER,0,,4
RT_O1,Nichiji,INTEGER,0,,5
RT_O1,RaceNum,INTEGER,0,,6
RT_O1,HassoTime,TEXT,0,,0
RT_O1,TorokuTosu,INTEGER,0,,0
RT_O1,SyussoTosu,INTEGER,0,,0
RT_O1,TanFlag,TEXT,0,,0
RT_O1,FukuFlag,TEXT,0,,0
RT_O1,WakurenFlag,TEXT,0,,0
RT_O1,FukuChakubaraiKey,TEXT,0,,0
RT_O1,Umaban,INTEGER,0,,7
RT_O1,TanOdds,REAL,0,,0
RT_O1,TanNinki,INTEGER,0,,0
RT_O1,FukuUmaban,INTEGER,0,,0
RT_O1,FukuOddsLow,REAL,0,,0
RT_O1,FukuOddsHigh,REAL,0,,0
RT_O1,FukuNinki,INTEGER,0,,0
RT_O1,Kumi,TEXT,0,,0
RT_O1,WakurenOdds,REAL,0,,0
RT_O1,WakurenNinki,INTEGER,0,,0
RT_O1,TanVote,BIGINT,0,,0
RT_O1,FukuVote,BIGINT,0,,0
RT_O1,WakurenVote,BIGINT,0,,0
RT_O2,RecordSpec,TEXT,0,,0
RT_O2,DataKubun,TEXT,0,,0
RT_O2,MakeDate,TEXT,0,,0
RT_O2,Year,INTEGER,0,,1
RT_O2,MonthDay,INTEGER,0,,2
RT_O2,JyoCD,TEXT,0,,3
RT_O2,Kaiji,INTEGER,0,,4
RT_O2,Nichiji,INTEGER,0,,5
RT_O2,RaceNum,INTEGER,0,,6
RT_O2,HassoTime,TEXT,0,,0
RT_O2,TorokuTosu,INTEGER,0,,0
RT_O2,SyussoTosu,INTEGER,0,,0
RT_O2,UmarenFlag,TEXT,0,,0
RT_O2,Kumi,TEXT,0,,7
RT_O2,Odds,REAL,0,,0
RT_O2,Ninki,INTEGER,0,,0
RT_O2,Vote,BIGINT,0,,0
RT_O3,RecordSpec,TEXT,0,,0
RT_O3,DataKubun,TEXT,0,,0
RT_O3,MakeDate,TEXT,0,,0
RT_O3,Year,INTEGER,0,,1
RT_O3,MonthDay,INTEGER,0,,2
RT_O3,JyoCD,TEXT,0,,3
RT_O3,Kaiji,INTEGER,0,,4
RT_O3,Nichiji,INTEGER,0,,5
RT_O3,RaceNum,INTEGER,0,,6
RT_O3,HassoTime,TEXT,0,,0
RT_O3,TorokuTosu,INTEGER,0,,0
RT_O3,SyussoTosu,INTEGER,0,,0
RT_O3,WideFlag,TEXT,0,,0
RT_O3,Kumi,TEXT,0,,7
RT_O3,OddsLow,REAL,0,,0
RT_O3,OddsHigh,REAL,0,,0
RT_O3,Ninki,INTEGER,0,,0
RT_O3,Vote,BIGINT,0,,0
RT_O4,RecordSpec,TEXT,0,,0
RT_O4,DataKubun,TEXT,0,,0
RT_O4,MakeDate,TEXT,0,,0
RT_O4,Year,INTEGER,0,,1
RT_O4,MonthDay,INTEGER,0,,2
RT_O4,JyoCD,TEXT,0,,3
RT_O4,Kaiji,INTEGER,0,,4
RT_O4,Nichiji,INTEGER,0,,5
RT_O4,RaceNum,INTEGER,0,,6
RT_O4,HassoTime,TEXT,0,,0
RT_O4,TorokuTosu,INTEGER,0,,0
RT_O4,SyussoTosu,INTEGER,0,,0
RT_O4,UmatanFlag,TEXT,0,,0
RT_O4,Kumi,TEXT,0,,7
RT_O4,Odds,REAL,0,,0
RT_O4,Ninki,INTEGER,0,,0
RT_O4,Vote,BIGINT,0,,0
RT_O5,RecordSpec,TEXT,0,,0
RT_O5,DataKubun,TEXT,0,,0
RT_O5,MakeDate,TEXT,0,,0
RT_O5,Year,INTEGER,0,,1
RT_O5,MonthDay,INTEGER,0,,2
RT_O5,JyoCD,TEXT,0,,3
RT_O5,Kaiji,INTEGER,0,,4
RT_O5,Nichiji,INTEGER,0,,5
RT_O5,RaceNum,INTEGER,0,,6
RT_O5,HassoTime,TEXT,0,,0
RT_O5,TorokuTosu,INTEGER,0,,0
RT_O5,SyussoTosu,INTEGER,0,,0
RT_O5,SanrenpukuFlag,TEXT,0,,0
RT_O5,Kumi,TEXT,0,,7
RT_O5,Odds,REAL,0,,0
RT_O5,Ninki,INTEGER,0,,0
RT_O5,Vote,BIGINT,0,,0
RT_O6,RecordSpec,TEXT,0,,0
RT_O6,DataKubun,TEXT,0,,0
RT_O6,MakeDate,TEXT,0,,0
RT_O6,Year,INTEGER,0,,1
RT_O6,MonthDay,INTEGER,0,,2
RT_O6,JyoCD,TEXT,0,,3
RT_O6,Kaiji,INTEGER,0,,4
RT_O6,Nichiji,INTEGER,0,,5
RT_O6,RaceNum,INTEGER,0,,6
RT_O6,HassoTime,TEXT,0,,0
RT_O6,TorokuTosu,INTEGER,0,,0
RT_O6,SyussoTosu,INTEGER,0,,0
RT_O6,SanrentanFlag,TEXT,0,,0
RT_O6,Kumi,TEXT,0,,7
RT_O6,Odds,REAL,0,,0
RT_O6,Ninki,INTEGER,0,,0
RT_O6,Vote,BIGINT,0,,0
RT_RA,RecordSpec,TEXT,0,,0
RT_RA,DataKubun,TEXT,0,,0
RT_RA,MakeDate,TEXT,0,,0
RT_RA,Year,INTEGER,0,,1
RT_RA,MonthDay,INTEGER,0,,2
RT_RA,JyoCD,TEXT,0,,3
RT_RA,Kaiji,INTEGER,0,,4
RT_RA,Nichiji,INTEGER,0,,5
RT_RA,RaceNum,INTEGER,0,,6
RT_RA,YoubiCD,TEXT,0,,0
RT_RA,TokuNum,TEXT,0,,0
RT_RA,Hondai,TEXT,0,,0
RT_RA,Fukudai,TEXT,0,,0
RT_RA,Kakko,TEXT,0,,0
RT_RA,HondaiEng,TEXT,0,,0
RT_RA,FukudaiEng,TEXT,0,,0
RT_RA,KakkoEng,TEXT,0,,0
RT_RA,Ryakusyo10,TEXT,0,,0
RT_RA,Ryakusyo6,TEXT,0,,0
RT_RA,Ryakusyo3,TEXT,0,,0
RT_RA,Kubun,TEXT,0,,0
RT_RA,Nkai,TEXT,0,,0
RT_RA,GradeCD,TEXT,0,,0
RT_RA,GradeCDBefore,TEXT,0,,0
RT_RA,SyubetuCD,TEXT,0,,0
RT_RA,KigoCD,TEXT,0,,0
RT_RA,JyuryoCD,TEXT,0,,0
RT_RA,JyokenCD1,TEXT,0,,0
RT_RA,JyokenCD2,TEXT,0,,0
RT_RA,JyokenCD3,TEXT,0,,0
RT_RA,JyokenCD4,TEXT,0,,0
RT_RA,JyokenCD5,TEXT,0,,0
RT_RA,JyokenName,TEXT,0,,0
RT_RA,Kyori,INTEGER,0,,0
RT_RA,KyoriBefore,INTEGER,0,,0
RT_RA,TrackCD,TEXT,0,,0
RT_RA,TrackCDBefore,TEXT,0,,0
RT_RA,CourseKubunCD,TEXT,0,,0
RT_RA,CourseKubunCDBefore,TEXT,0,,0
RT_RA,Honsyokin1,REAL,0,,0
RT_RA,Honsyokin2,REAL,0,,0
RT_RA,Honsyokin3,REAL,0,,0
RT_RA,Honsyokin4,REAL,0,,0
RT_RA,HassoTime,TEXT,0,,0
RT_RA,HassoTimeBefore,TEXT,0,,0
RT_RA,TorokuTosu,INTEGER,0,,0
RT_RA,SyussoTosu,INTEGER,0,,0
RT_RA,NyusenTosu,INTEGER,0,,0
RT_RA,TenkoCD,TEXT,0,,0
RT_RA,SibaBabaCD,TEXT,0,,0
RT_RA,DirtBabaCD,TEXT,0,,0
RT_RA,LapTime,TEXT,0,,0
RT_RA,SyogaiMileTime,TEXT,0,,0
RT_RA,Haron3F,REAL,0,,0
RT_RA,Haron4F,REAL,0,,0
RT_RA,Haron3L,REAL,0,,0
RT_RA,Haron4L,REAL,0,,0
RT_RA,Corner,TEXT,0,,0
RT_RA,Syukaisu,INTEGER,0,,0
RT_RA,TsukaJyuni,TEXT,0,,0
RT_RA,RecordUpKubun,TEXT,0,,0
RT_RA,Crlf,TEXT,0,,0
RT_RC,RecordSpec,TEXT,0,,0
RT_RC,DataKubun,TEXT,0,,0
RT_RC,MakeDate,TEXT,0,,0
RT_RC,Year,INTEGER,0,,1
RT_RC,MonthDay,INTEGER,0,,2
RT_RC,JyoCD,TEXT,0,,3
RT_RC,Kaiji,INTEGER,0,,4
RT_RC,Nichiji,INTEGER,0,,5
RT_RC,RaceNum,INTEGER,0,,6
RT_RC,Umaban,TEXT,0,,7
RT_RC,KisyuCode,TEXT,0,,0
RT_RC,KisyuName,TEXT,0,,0
RT_RC,MaeKisyuCode,TEXT,0,,0
RT_RC,MaeKisyuName,TEXT,0,,0
RT_RC,HenkouJiyuCD,TEXT,0,,0
RT_SE,RecordSpec,TEXT,0,,0
RT_SE,DataKubun,TEXT,0,,0
RT_SE,MakeDate,TEXT,0,,0
RT_SE,Year,INTEGER,0,,1
RT_SE,MonthDay,INTEGER,0,,2
RT_SE,JyoCD,TEXT,0,,3
RT_SE,Kaiji,INTEGER,0,,4
RT_SE,Nichiji,INTEGER,0,,5
RT_SE,RaceNum,INTEGER,0,,6
RT_SE,Wakuban,INTEGER,0,,0
RT_SE,Umaban,INTEGER,0,,7
RT_SE,KettoNum,TEXT,0,,0
RT_SE,Bamei,TEXT,0,,0
RT_SE,UmaKigoCD,TEXT,0,,0
RT_SE,SexCD,TEXT,0,,0
RT_SE,HinsyuCD,TEXT,0,,0
RT_SE,KeiroCD,TEXT,0,,0
RT_SE,Barei,INTEGER,0,,0
RT_SE,TozaiCD,TEXT,0,,0
RT_SE,ChokyosiCode,TEXT,0,,0
RT_SE,ChokyosiRyakusyo,TEXT,0,,0
RT_SE,BanusiCode,TEXT,0,,0
RT_SE,BanusiName,TEXT,0,,0
RT_SE,Fukusyoku,TEXT,0,,0
RT_SE,Reserved_229,TEXT,0,,0
RT_SE,Futan,REAL,0,,0
RT_SE,FutanBefore,REAL,0,,0
RT_SE,Blinker,TEXT,0,,0
RT_SE,Reserved_296,TEXT,0,,0
RT_SE,KisyuCode,TEXT,0,,0
RT_SE,KisyuCodeBefore,TEXT,0,,0
RT_SE,KisyuRyakusyo,TEXT,0,,0
RT_SE,KisyuRyakusyoBefore,TEXT,0,,0
RT_SE,MinaraiCD,TEXT,0,,0
RT_SE,MinaraiCDBefore,TEXT,0,,0
RT_SE,BaTaijyu,REAL,0,,0
RT_SE,ZogenFugo,TEXT,0,,0
RT_SE,ZogenSa,REAL,0,,0
RT_SE,IJyoCD,TEXT,0,,0
RT_SE,NyusenJyuni,INTEGER,0,,0
RT_SE,KakuteiJyuni,INTEGER,0,,0
RT_SE,DochakuKubun,TEXT,0,,0
RT_SE,DochakuTosu,INTEGER,0,,0
RT_SE,Time,REAL,0,,0
RT_SE,ChakusaCD,TEXT,0,,0
RT_SE,ChakusaCDP,TEXT,0,,0
RT_SE,ChakusaCDPP,TEXT,0,,0
RT_SE,Jyuni1c,INTEGER,0,,0
RT_SE,Jyuni2c,INTEGER,0,,0
RT_SE,Jyuni3c,INTEGER,0,,0
RT_SE,Jyuni4c,INTEGER,0,,0
RT_SE,Odds,REAL,0,,0
RT_SE,Ninki,INTEGER,0,,0
RT_SE,Honsyokin,REAL,0,,0
RT_SE,Fukasyokin,REAL,0,,0
RT_SE,Reserved_382,TEXT,0,,0
RT_SE,Reserved_385,TEXT,0,,0
RT_SE,HaronTimeL4,REAL,0,,0
RT_SE,HaronTimeL3,REAL,0,,0
RT_SE,KettoNum1,TEXT,0,,0
RT_SE,Bamei1,TEXT,0,,0
RT_SE,TimeDiff,REAL,0,,0
RT_SE,RecordUpKubun,TEXT,0,,0
RT_SE,DMKubun,TEXT,0,,0
RT_SE,DMTime,REAL,0,,0
RT_SE,DMGosaP,REAL,0,,0
RT_SE,DMGosaM,REAL,0,,0
RT_SE,DMJyuni,INTEGER,0,,0
RT_SE,KyakusituKubun,TEXT,0,,0
RT_SE,Reserved_462,TEXT,0,,0
RT_TC,RecordSpec,TEXT,0,,0
RT_TC,DataKubun,TEXT,0,,0
RT_TC,MakeDate,TEXT,0,,0
RT_TC,Year,INTEGER,0,,1
RT_TC,MonthDay,INTEGER,0,,2
RT_TC,JyoCD,TEXT,0,,3
RT_TC,Kaiji,INTEGER,0,,4
RT_TC,Nichiji,INTEGER,0,,5
RT_TC,RaceNum,INTEGER,0,,6
RT_TC,HappyoTime,TEXT,0,,0
RT_TC,AtoJi,TEXT,0,,0
RT_TC,AtoFun,TEXT,0,,0
RT_TC,MaeJi,TEXT,0,,0
RT_TC,MaeFun,TEXT,0,,0
RT_TM,RecordSpec,TEXT,0,,0
RT_TM,DataKubun,TEXT,0,,0
RT_TM,MakeDate,TEXT,0,,0
RT_TM,Year,INTEGER,0,,1
RT_TM,MonthDay,INTEGER,0,,2
RT_TM,JyoCD,TEXT,0,,3
RT_TM,Kaiji,INTEGER,0,,4
RT_TM,Nichiji,INTEGER,0,,5
RT_TM,RaceNum,INTEGER,0,,6
RT_TM,MakeHM,TEXT,0,,0
RT_TM,Umaban,INTEGER,0,,7
RT_TM,TMScore,INTEGER,0,,0
RT_TM,RecordDelimiter,TEXT,0,,0
RT_WE,RecordSpec,TEXT,0,,0
RT_WE,DataKubun,TEXT,0,,0
RT_WE,MakeDate,TEXT,0,,0
RT_WE,Year,INTEGER,0,,1
RT_WE,MonthDay,INTEGER,0,,2
RT_WE,JyoCD,TEXT,0,,3
RT_WE,Kaiji,INTEGER,0,,4
RT_WE,Nichiji,INTEGER,0,,5
RT_WE,HappyoTime,TEXT,0,,0
RT_WE,HenkoID,TEXT,0,,6
RT_WE,TenkoState,TEXT,0,,0
RT_WE,SibaBabaState,TEXT,0,,0
RT_WE,DirtBabaState,TEXT,0,,0
RT_WE,TenkoState2,TEXT,0,,0
RT_WE,SibaBabaState2,TEXT,0,,0
RT_WE,DirtBabaState2,TEXT,0,,0
RT_WE,RecordDelimiter,TEXT,0,,0
RT_WH,RecordSpec,TEXT,0,,0
RT_WH,DataKubun,TEXT,0,,0
RT_WH,MakeDate,TEXT,0,,0
RT_WH,Year,INTEGER,0,,1
RT_WH,MonthDay,INTEGER,0,,2
RT_WH,JyoCD,TEXT,0,,3
RT_WH,Kaiji,INTEGER,0,,4
RT_WH,Nichiji,INTEGER,0,,5
RT_WH,HappyoTime,TEXT,0,,6
RT_WH,HenkoID,TEXT,0,,7
RT_WH,AtoTenkoCD,TEXT,0,,0
RT_WH,AtoSibaBabaCD,TEXT,0,,0
RT_WH,AtoDirtBabaCD,TEXT,0,,0
RT_WH,MaeTenkoCD,TEXT,0,,0
RT_WH,MaeSibaBabaCD,TEXT,0,,0
RT_WH,MaeDirtBabaCD,TEXT,0,,0
TS_O1,RecordSpec,TEXT,0,,0
TS_O1,DataKubun,TEXT,0,,0
TS_O1,MakeDate,TEXT,0,,0
TS_O1,Year,INTEGER,0,,1
TS_O1,MonthDay,INTEGER,0,,2
TS_O1,JyoCD,TEXT,0,,3
TS_O1,Kaiji,INTEGER,0,,4
TS_O1,Nichiji,INTEGER,0,,5
TS_O1,RaceNum,INTEGER,0,,6
TS_O1,HassoTime,TEXT,0,,9
TS_O1,TorokuTosu,INTEGER,0,,0
TS_O1,SyussoTosu,INTEGER,0,,0
TS_O1,TanFlag,TEXT,0,,0
TS_O1,FukuFlag,TEXT,0,,0
TS_O1,WakurenFlag,TEXT,0,,0
TS_O1,FukuChakubaraiKey,TEXT,0,,0
TS_O1,Umaban,INTEGER,0,,7
TS_O1,TanOdds,REAL,0,,0
TS_O1,TanNinki,INTEGER,0,,0
TS_O1,FukuUmaban,INTEGER,0,,0
TS_O1,FukuOddsLow,REAL,0,,0
TS_O1,FukuOddsHigh,REAL,0,,0
TS_O1,FukuNinki,INTEGER,0,,0
TS_O1,Kumi,TEXT,0,,8
TS_O1,WakurenOdds,REAL,0,,0
TS_O1,WakurenNinki,INTEGER,0,,0
TS_O1,TanVote,BIGINT,0,,0
TS_O1,FukuVote,BIGINT,0,,0
TS_O1,WakurenVote,BIGINT,0,,0
TS_O2,RecordSpec,TEXT,0,,0
TS_O2,DataKubun,TEXT,0,,0
TS_O2,MakeDate,TEXT,0,,0
TS_O2,Year,INTEGER,0,,1
TS_O2,MonthDay,INTEGER,0,,2
TS_O2,JyoCD,TEXT,0,,3
TS_O2,Kaiji,INTEGER,0,,4
TS_O2,Nichiji,INTEGER,0,,5
TS_O2,RaceNum,INTEGER,0,,6
TS_O2,HassoTime,TEXT,0,,8
TS_O2,TorokuTosu,INTEGER,0,,0
TS_O2,SyussoTosu,INTEGER,0,,0
TS_O2,UmarenFlag,TEXT,0,,0
TS_O2,Kumi,TEXT,0,,7
TS_O2,Odds,REAL,0,,0
TS_O2,Ninki,INTEGER,0,,0
TS_O2,Vote,BIGINT,0,,0
TS_O3,RecordSpec,TEXT,0,,0
TS_O3,DataKubun,TEXT,0,,0
TS_O3,MakeDate,TEXT,0,,0
TS_O3,Year,INTEGER,0,,1
TS_O3,MonthDay,INTEGER,0,,2
TS_O3,JyoCD,TEXT,0,,3
TS_O3,Kaiji,INTEGER,0,,4
TS_O3,Nichiji,INTEGER,0,,5
TS_O3,RaceNum,INTEGER,0,,6
TS_O3,HassoTime,TEXT,0,,8
TS_O3,TorokuTosu,INTEGER,0,,0
TS_O3,SyussoTosu,INTEGER,0,,0
TS_O3,WideFlag,TEXT,0,,0
TS_O3,Kumi,TEXT,0,,7
TS_O3,OddsLow,REAL,0,,0
TS_O3,OddsHigh,REAL,0,,0
TS_O3,Ninki,INTEGER,0,,0
TS_O3,Vote,BIGINT,0,,0
TS_O4,RecordSpec,TEXT,0,,0
TS_O4,DataKubun,TEXT,0,,0
TS_O4,MakeDate,TEXT,0,,0
TS_O4,Year,INTEGER,0,,1
TS_O4,MonthDay,INTEGER,0,,2
TS_O4,JyoCD,TEXT,0,,3
TS_O4,Kaiji,INTEGER,0,,4
TS_O4,Nichiji,INTEGER,0,,5
TS_O4,RaceNum,INTEGER,0,,6
TS_O4,HassoTime,TEXT,0,,8
TS_O4,TorokuTosu,INTEGER,0,,0
TS_O4,SyussoTosu,INTEGER,0,,0
TS_O4,UmatanFlag,TEXT,0,,0
TS_O4,Kumi,TEXT,0,,7
TS_O4,Odds,REAL,0,,0
TS_O4,Ninki,INTEGER,0,,0
TS_O4,Vote,BIGINT,0,,0
TS_O5,RecordSpec,TEXT,0,,0
TS_O5,DataKubun,TEXT,0,,0
TS_O5,MakeDate,TEXT,0,,0
TS_O5,Year,INTEGER,0,,1
TS_O5,MonthDay,INTEGER,0,,2
TS_O5,JyoCD,TEXT,0,,3
TS_O5,Kaiji,INTEGER,0,,4
TS_O5,Nichiji,INTEGER,0,,5
TS_O5,RaceNum,INTEGER,0,,6
TS_O5,HassoTime,TEXT,0,,8
TS_O5,TorokuTosu,INTEGER,0,,0
TS_O5,SyussoTosu,INTEGER,0,,0
TS_O5,SanrenpukuFlag,TEXT,0,,0
TS_O5,Kumi,TEXT,0,,7
TS_O5,Odds,REAL,0,,0
TS_O5,Ninki,INTEGER,0,,0
TS_O5,Vote,BIGINT,0,,0
TS_O6,RecordSpec,TEXT,0,,0
TS_O6,DataKubun,TEXT,0,,0
TS_O6,MakeDate,TEXT,0,,0
TS_O6,Year,INTEGER,0,,1
TS_O6,MonthDay,INTEGER,0,,2
TS_O6,JyoCD,TEXT,0,,3
TS_O6,Kaiji,INTEGER,0,,4
TS_O6,Nichiji,INTEGER,0,,5
TS_O6,RaceNum,INTEGER,0,,6
TS_O6,HassoTime,TEXT,0,,8
TS_O6,TorokuTosu,INTEGER,0,,0
TS_O6,SyussoTosu,INTEGER,0,,0
TS_O6,SanrentanFlag,TEXT,0,,0
TS_O6,Kumi,TEXT,0,,7
TS_O6,Odds,REAL,0,,0
TS_O6,Ninki,INTEGER,0,,0
TS_O6,Vote,BIGINT,0,,0
TS_SOKUHO_O1,RecordSpec,TEXT,0,,0
TS_SOKUHO_O1,SourceSpec,TEXT,0,,10
TS_SOKUHO_O1,DataKubun,TEXT,0,,0
TS_SOKUHO_O1,MakeDate,TEXT,0,,0
TS_SOKUHO_O1,Year,INTEGER,0,,1
TS_SOKUHO_O1,MonthDay,INTEGER,0,,2
TS_SOKUHO_O1,JyoCD,TEXT,0,,3
TS_SOKUHO_O1,Kaiji,INTEGER,0,,4
TS_SOKUHO_O1,Nichiji,INTEGER,0,,5
TS_SOKUHO_O1,RaceNum,INTEGER,0,,6
TS_SOKUHO_O1,HassoTime,TEXT,0,,9
TS_SOKUHO_O1,TorokuTosu,INTEGER,0,,0
TS_SOKUHO_O1,SyussoTosu,INTEGER,0,,0
TS_SOKUHO_O1,TanFlag,TEXT,0,,0
TS_SOKUHO_O1,FukuFlag,TEXT,0,,0
TS_SOKUHO_O1,WakurenFlag,TEXT,0,,0
TS_SOKUHO_O1,FukuChakubaraiKey,TEXT,0,,0
TS_SOKUHO_O1,Umaban,INTEGER,0,,7
TS_SOKUHO_O1,TanOdds,REAL,0,,0
TS_SOKUHO_O1,TanNinki,INTEGER,0,,0
TS_SOKUHO_O1,FukuUmaban,INTEGER,0,,0
TS_SOKUHO_O1,FukuOddsLow,REAL,0,,0
TS_SOKUHO_O1,FukuOddsHigh,REAL,0,,0
TS_SOKUHO_O1,FukuNinki,INTEGER,0,,0
TS_SOKUHO_O1,Kumi,TEXT,0,,8
TS_SOKUHO_O1,WakurenOdds,REAL,0,,0
TS_SOKUHO_O1,WakurenNinki,INTEGER,0,,0
TS_SOKUHO_O1,TanVote,BIGINT,0,,0
TS_SOKUHO_O1,FukuVote,BIGINT,0,,0
TS_SOKUHO_O1,WakurenVote,BIGINT,0,,0
TS_SOKUHO_O2,RecordSpec,TEXT,0,,0
TS_SOKUHO_O2,SourceSpec,TEXT,0,,9
TS_SOKUHO_O2,DataKubun,TEXT,0,,0
TS_SOKUHO_O2,MakeDate,TEXT,0,,0
TS_SOKUHO_O2,Year,INTEGER,0,,1
TS_SOKUHO_O2,MonthDay,INTEGER,0,,2
TS_SOKUHO_O2,JyoCD,TEXT,0,,3
TS_SOKUHO_O2,Kaiji,INTEGER,0,,4
TS_SOKUHO_O2,Nichiji,INTEGER,0,,5
TS_SOKUHO_O2,RaceNum,INTEGER,0,,6
TS_SOKUHO_O2,HassoTime,TEXT,0,,8
TS_SOKUHO_O2,TorokuTosu,INTEGER,0,,0
TS_SOKUHO_O2,SyussoTosu,INTEGER,0,,0
TS_SOKUHO_O2,UmarenFlag,TEXT,0,,0
TS_SOKUHO_O2,Kumi,TEXT,0,,7
TS_SOKUHO_O2,Odds,REAL,0,,0
TS_SOKUHO_O2,Ninki,INTEGER,0,,0
TS_SOKUHO_O2,Vote,BIGINT,0,,0
TS_SOKUHO_O3,RecordSpec,TEXT,0,,0
TS_SOKUHO_O3,SourceSpec,TEXT,0,,9
TS_SOKUHO_O3,DataKubun,TEXT,0,,0
TS_SOKUHO_O3,MakeDate,TEXT,0,,0
TS_SOKUHO_O3,Year,INTEGER,0,,1
TS_SOKUHO_O3,MonthDay,INTEGER,0,,2
TS_SOKUHO_O3,JyoCD,TEXT,0,,3
TS_SOKUHO_O3,Kaiji,INTEGER,0,,4
TS_SOKUHO_O3,Nichiji,INTEGER,0,,5
TS_SOKUHO_O3,RaceNum,INTEGER,0,,6
TS_SOKUHO_O3,HassoTime,TEXT,0,,8
TS_SOKUHO_O3,TorokuTosu,INTEGER,0,,0
TS_SOKUHO_O3,SyussoTosu,INTEGER,0,,0
TS_SOKUHO_O3,WideFlag,TEXT,0,,0
TS_SOKUHO_O3,Kumi,TEXT,0,,7
TS_SOKUHO_O3,OddsLow,REAL,0,,0
TS_SOKUHO_O3,OddsHigh,REAL,0,,0
TS_SOKUHO_O3,Ninki,INTEGER,0,,0
TS_SOKUHO_O3,Vote,BIGINT,0,,0
TS_SOKUHO_O4,RecordSpec,TEXT,0,,0
TS_SOKUHO_O4,SourceSpec,TEXT,0,,9
TS_SOKUHO_O4,DataKubun,TEXT,0,,0
TS_SOKUHO_O4,MakeDate,TEXT,0,,0
TS_SOKUHO_O4,Year,INTEGER,0,,1
TS_SOKUHO_O4,MonthDay,INTEGER,0,,2
TS_SOKUHO_O4,JyoCD,TEXT,0,,3
TS_SOKUHO_O4,Kaiji,INTEGER,0,,4
TS_SOKUHO_O4,Nichiji,INTEGER,0,,5
TS_SOKUHO_O4,RaceNum,INTEGER,0,,6
TS_SOKUHO_O4,HassoTime,TEXT,0,,8
TS_SOKUHO_O4,TorokuTosu,INTEGER,0,,0
TS_SOKUHO_O4,SyussoTosu,INTEGER,0,,0
TS_SOKUHO_O4,UmatanFlag,TEXT,0,,0
TS_SOKUHO_O4,Kumi,TEXT,0,,7
TS_SOKUHO_O4,Odds,REAL,0,,0
TS_SOKUHO_O4,Ninki,INTEGER,0,,0
TS_SOKUHO_O4,Vote,BIGINT,0,,0
TS_SOKUHO_O5,RecordSpec,TEXT,0,,0
TS_SOKUHO_O5,SourceSpec,TEXT,0,,9
TS_SOKUHO_O5,DataKubun,TEXT,0,,0
TS_SOKUHO_O5,MakeDate,TEXT,0,,0
TS_SOKUHO_O5,Year,INTEGER,0,,1
TS_SOKUHO_O5,MonthDay,INTEGER,0,,2
TS_SOKUHO_O5,JyoCD,TEXT,0,,3
TS_SOKUHO_O5,Kaiji,INTEGER,0,,4
TS_SOKUHO_O5,Nichiji,INTEGER,0,,5
TS_SOKUHO_O5,RaceNum,INTEGER,0,,6
TS_SOKUHO_O5,HassoTime,TEXT,0,,8
TS_SOKUHO_O5,TorokuTosu,INTEGER,0,,0
TS_SOKUHO_O5,SyussoTosu,INTEGER,0,,0
TS_SOKUHO_O5,SanrenpukuFlag,TEXT,0,,0
TS_SOKUHO_O5,Kumi,TEXT,0,,7
TS_SOKUHO_O5,Odds,REAL,0,,0
TS_SOKUHO_O5,Ninki,INTEGER,0,,0
TS_SOKUHO_O5,Vote,BIGINT,0,,0
TS_SOKUHO_O6,RecordSpec,TEXT,0,,0
TS_SOKUHO_O6,SourceSpec,TEXT,0,,9
TS_SOKUHO_O6,DataKubun,TEXT,0,,0
TS_SOKUHO_O6,MakeDate,TEXT,0,,0
TS_SOKUHO_O6,Year,INTEGER,0,,1
TS_SOKUHO_O6,MonthDay,INTEGER,0,,2
TS_SOKUHO_O6,JyoCD,TEXT,0,,3
TS_SOKUHO_O6,Kaiji,INTEGER,0,,4
TS_SOKUHO_O6,Nichiji,INTEGER,0,,5
TS_SOKUHO_O6,RaceNum,INTEGER,0,,6
TS_SOKUHO_O6,HassoTime,TEXT,0,,8
TS_SOKUHO_O6,TorokuTosu,INTEGER,0,,0
TS_SOKUHO_O6,SyussoTosu,INTEGER,0,,0
TS_SOKUHO_O6,SanrentanFlag,TEXT,0,,0
TS_SOKUHO_O6,Kumi,TEXT,0,,7
TS_SOKUHO_O6,Odds,REAL,0,,0
TS_SOKUHO_O6,Ninki,INTEGER,0,,0
TS_SOKUHO_O6,Vote,BIGINT,0,,0
